date,terminal,month,predicted_turnaround,congestion_level,is_peak_season
2025-01-01,Everport,1,94.9502454916907,Moderate,0
2025-01-01,China Shipping,1,93.28808663904763,Moderate,0
2025-01-01,Yang Ming,1,91.22531986549913,Moderate,0
2025-01-01,TraPac,1,89.44703728755239,Moderate,0
2025-01-01,APM Terminals,1,97.26279843825812,Moderate,0
2025-01-02,Everport,1,94.9502454916907,Moderate,0
2025-01-02,China Shipping,1,93.28808663904763,Moderate,0
2025-01-02,Yang Ming,1,91.22531986549913,Moderate,0
2025-01-02,TraPac,1,89.44703728755239,Moderate,0
2025-01-02,APM Terminals,1,97.16122966594313,Moderate,0
2025-01-03,Everport,1,94.9502454916907,Moderate,0
2025-01-03,China Shipping,1,93.28808663904763,Moderate,0
2025-01-03,Yang Ming,1,91.22531986549913,Moderate,0
2025-01-03,TraPac,1,89.44703728755239,Moderate,0
2025-01-03,APM Terminals,1,97.16122966594313,Moderate,0
2025-01-04,Everport,1,94.96635701558249,Moderate,0
2025-01-04,China Shipping,1,93.30419816293943,Moderate,0
2025-01-04,Yang Ming,1,91.24143138939093,Moderate,0
2025-01-04,TraPac,1,89.46314881144419,Moderate,0
2025-01-04,APM Terminals,1,97.16122966594313,Moderate,0
2025-01-05,Everport,1,95.0486205124303,Moderate,0
2025-01-05,China Shipping,1,93.38646165978724,Moderate,0
2025-01-05,Yang Ming,1,91.29731846922121,Moderate,0
2025-01-05,TraPac,1,89.46853905437138,Moderate,0
2025-01-05,APM Terminals,1,97.24349316279094,Moderate,0
2025-01-06,Everport,1,95.14844243811103,Moderate,0
2025-01-06,China Shipping,1,93.48628358546797,Moderate,0
2025-01-06,Yang Ming,1,91.42351681191947,Moderate,0
2025-01-06,TraPac,1,89.64523423397273,Moderate,0
2025-01-06,APM Terminals,1,97.62709254389522,Moderate,0
2025-01-07,Everport,1,94.9502454916907,Moderate,0
2025-01-07,China Shipping,1,93.28808663904763,Moderate,0
2025-01-07,Yang Ming,1,91.22531986549913,Moderate,0
2025-01-07,TraPac,1,89.44703728755239,Moderate,0
2025-01-07,APM Terminals,1,97.42889559747488,Moderate,0
2025-01-08,Everport,1,94.9502454916907,Moderate,0
2025-01-08,China Shipping,1,93.28808663904763,Moderate,0
2025-01-08,Yang Ming,1,91.22531986549913,Moderate,0
2025-01-08,TraPac,1,89.44703728755239,Moderate,0
2025-01-08,APM Terminals,1,97.42889559747488,Moderate,0
2025-01-09,Everport,1,94.9502454916907,Moderate,0
2025-01-09,China Shipping,1,93.28808663904763,Moderate,0
2025-01-09,Yang Ming,1,91.22531986549913,Moderate,0
2025-01-09,TraPac,1,89.44703728755239,Moderate,0
2025-01-09,APM Terminals,1,97.32732682515989,Moderate,0
2025-01-10,Everport,1,94.9502454916907,Moderate,0
2025-01-10,China Shipping,1,93.28808663904763,Moderate,0
2025-01-10,Yang Ming,1,91.22531986549913,Moderate,0
2025-01-10,TraPac,1,89.44703728755239,Moderate,0
2025-01-10,APM Terminals,1,97.32732682515989,Moderate,0
2025-01-11,Everport,1,94.96635701558249,Moderate,0
2025-01-11,China Shipping,1,93.30419816293943,Moderate,0
2025-01-11,Yang Ming,1,91.24143138939093,Moderate,0
2025-01-11,TraPac,1,89.46314881144419,Moderate,0
2025-01-11,APM Terminals,1,97.32732682515989,Moderate,0
2025-01-12,Everport,1,95.0486205124303,Moderate,0
2025-01-12,China Shipping,1,93.38646165978724,Moderate,0
2025-01-12,Yang Ming,1,91.29731846922121,Moderate,0
2025-01-12,TraPac,1,89.46853905437138,Moderate,0
2025-01-12,APM Terminals,1,97.4095903220077,Moderate,0
2025-01-13,Everport,1,95.14844243811103,Moderate,0
2025-01-13,China Shipping,1,93.48628358546797,Moderate,0
2025-01-13,Yang Ming,1,91.42351681191947,Moderate,0
2025-01-13,TraPac,1,89.64523423397273,Moderate,0
2025-01-13,APM Terminals,1,97.62709254389522,Moderate,0
2025-01-14,Everport,1,94.9502454916907,Moderate,0
2025-01-14,China Shipping,1,93.28808663904763,Moderate,0
2025-01-14,Yang Ming,1,91.22531986549913,Moderate,0
2025-01-14,TraPac,1,89.44703728755239,Moderate,0
2025-01-14,APM Terminals,1,97.42889559747488,Moderate,0
2025-01-15,Everport,1,94.9502454916907,Moderate,0
2025-01-15,China Shipping,1,93.28808663904763,Moderate,0
2025-01-15,Yang Ming,1,91.22531986549913,Moderate,0
2025-01-15,TraPac,1,89.44703728755239,Moderate,0
2025-01-15,APM Terminals,1,97.42889559747488,Moderate,0
2025-01-16,Everport,1,94.9502454916907,Moderate,0
2025-01-16,China Shipping,1,93.28808663904763,Moderate,0
2025-01-16,Yang Ming,1,91.22531986549913,Moderate,0
2025-01-16,TraPac,1,89.44703728755239,Moderate,0
2025-01-16,APM Terminals,1,97.32732682515989,Moderate,0
2025-01-17,Everport,1,94.9502454916907,Moderate,0
2025-01-17,China Shipping,1,93.28808663904763,Moderate,0
2025-01-17,Yang Ming,1,91.22531986549913,Moderate,0
2025-01-17,TraPac,1,89.44703728755239,Moderate,0
2025-01-17,APM Terminals,1,97.32732682515989,Moderate,0
2025-01-18,Everport,1,94.96635701558249,Moderate,0
2025-01-18,China Shipping,1,93.30419816293943,Moderate,0
2025-01-18,Yang Ming,1,91.24143138939093,Moderate,0
2025-01-18,TraPac,1,89.46314881144419,Moderate,0
2025-01-18,APM Terminals,1,97.32732682515989,Moderate,0
2025-01-19,Everport,1,95.0486205124303,Moderate,0
2025-01-19,China Shipping,1,93.38646165978724,Moderate,0
2025-01-19,Yang Ming,1,91.29731846922121,Moderate,0
2025-01-19,TraPac,1,89.46853905437138,Moderate,0
2025-01-19,APM Terminals,1,97.4095903220077,Moderate,0
2025-01-20,Everport,1,95.14844243811103,Moderate,0
2025-01-20,China Shipping,1,93.48628358546797,Moderate,0
2025-01-20,Yang Ming,1,91.42351681191947,Moderate,0
2025-01-20,TraPac,1,89.64523423397273,Moderate,0
2025-01-20,APM Terminals,1,97.62709254389522,Moderate,0
2025-01-21,Everport,1,94.9502454916907,Moderate,0
2025-01-21,China Shipping,1,93.28808663904763,Moderate,0
2025-01-21,Yang Ming,1,91.22531986549913,Moderate,0
2025-01-21,TraPac,1,89.44703728755239,Moderate,0
2025-01-21,APM Terminals,1,97.42889559747488,Moderate,0
2025-01-22,Everport,1,94.9502454916907,Moderate,0
2025-01-22,China Shipping,1,93.28808663904763,Moderate,0
2025-01-22,Yang Ming,1,91.22531986549913,Moderate,0
2025-01-22,TraPac,1,89.44703728755239,Moderate,0
2025-01-22,APM Terminals,1,97.42889559747488,Moderate,0
2025-01-23,Everport,1,94.9502454916907,Moderate,0
2025-01-23,China Shipping,1,93.28808663904763,Moderate,0
2025-01-23,Yang Ming,1,91.22531986549913,Moderate,0
2025-01-23,TraPac,1,89.44703728755239,Moderate,0
2025-01-23,APM Terminals,1,97.32732682515989,Moderate,0
2025-01-24,Everport,1,94.9502454916907,Moderate,0
2025-01-24,China Shipping,1,93.28808663904763,Moderate,0
2025-01-24,Yang Ming,1,91.22531986549913,Moderate,0
2025-01-24,TraPac,1,89.44703728755239,Moderate,0
2025-01-24,APM Terminals,1,97.32732682515989,Moderate,0
2025-01-25,Everport,1,94.96635701558249,Moderate,0
2025-01-25,China Shipping,1,93.30419816293943,Moderate,0
2025-01-25,Yang Ming,1,91.24143138939093,Moderate,0
2025-01-25,TraPac,1,89.46314881144419,Moderate,0
2025-01-25,APM Terminals,1,97.32732682515989,Moderate,0
2025-01-26,Everport,1,95.0486205124303,Moderate,0
2025-01-26,China Shipping,1,93.38646165978724,Moderate,0
2025-01-26,Yang Ming,1,91.29731846922121,Moderate,0
2025-01-26,TraPac,1,89.46853905437138,Moderate,0
2025-01-26,APM Terminals,1,97.4095903220077,Moderate,0
2025-01-27,Everport,1,95.14844243811103,Moderate,0
2025-01-27,China Shipping,1,92.97717788313815,Moderate,0
2025-01-27,Yang Ming,1,91.42351681191947,Moderate,0
2025-01-27,TraPac,1,89.64523423397273,Moderate,0
2025-01-27,APM Terminals,1,97.62709254389522,Moderate,0
2025-01-28,Everport,1,94.9502454916907,Moderate,0
2025-01-28,China Shipping,1,92.77898093671782,Moderate,0
2025-01-28,Yang Ming,1,91.22531986549913,Moderate,0
2025-01-28,TraPac,1,89.44703728755239,Moderate,0
2025-01-28,APM Terminals,1,97.42889559747488,Moderate,0
2025-01-29,Everport,1,94.9502454916907,Moderate,0
2025-01-29,China Shipping,1,92.77898093671782,Moderate,0
2025-01-29,Yang Ming,1,91.22531986549913,Moderate,0
2025-01-29,TraPac,1,89.44703728755239,Moderate,0
2025-01-29,APM Terminals,1,97.42889559747488,Moderate,0
2025-01-30,Everport,1,94.9502454916907,Moderate,0
2025-01-30,China Shipping,1,92.77898093671782,Moderate,0
2025-01-30,Yang Ming,1,91.22531986549913,Moderate,0
2025-01-30,TraPac,1,89.44703728755239,Moderate,0
2025-01-30,APM Terminals,1,97.32732682515989,Moderate,0
2025-01-31,Everport,1,94.9502454916907,Moderate,0
2025-01-31,China Shipping,1,92.77898093671782,Moderate,0
2025-01-31,Yang Ming,1,91.22531986549913,Moderate,0
2025-01-31,TraPac,1,89.44703728755239,Moderate,0
2025-01-31,APM Terminals,1,97.32732682515989,Moderate,0
2025-02-01,Everport,2,94.96635701558249,Moderate,0
2025-02-01,China Shipping,2,92.79509246060961,Moderate,0
2025-02-01,Yang Ming,2,91.24143138939093,Moderate,0
2025-02-01,TraPac,2,89.46314881144419,Moderate,0
2025-02-01,APM Terminals,2,97.32732682515989,Moderate,0
2025-02-02,Everport,2,95.0486205124303,Moderate,0
2025-02-02,China Shipping,2,92.87735595745743,Moderate,0
2025-02-02,Yang Ming,2,91.29731846922121,Moderate,0
2025-02-02,TraPac,2,89.46853905437138,Moderate,0
2025-02-02,APM Terminals,2,97.4095903220077,Moderate,0
2025-02-03,Everport,2,95.14844243811103,Moderate,0
2025-02-03,China Shipping,2,92.97717788313815,Moderate,0
2025-02-03,Yang Ming,2,91.42351681191947,Moderate,0
2025-02-03,TraPac,2,89.64523423397273,Moderate,0
2025-02-03,APM Terminals,2,97.62709254389522,Moderate,0
2025-02-04,Everport,2,94.9502454916907,Moderate,0
2025-02-04,China Shipping,2,92.77898093671782,Moderate,0
2025-02-04,Yang Ming,2,91.22531986549913,Moderate,0
2025-02-04,TraPac,2,89.44703728755239,Moderate,0
2025-02-04,APM Terminals,2,97.42889559747488,Moderate,0
2025-02-05,Everport,2,94.9502454916907,Moderate,0
2025-02-05,China Shipping,2,92.77898093671782,Moderate,0
2025-02-05,Yang Ming,2,91.22531986549913,Moderate,0
2025-02-05,TraPac,2,89.44703728755239,Moderate,0
2025-02-05,APM Terminals,2,97.42889559747488,Moderate,0
2025-02-06,Everport,2,94.9502454916907,Moderate,0
2025-02-06,China Shipping,2,92.77898093671782,Moderate,0
2025-02-06,Yang Ming,2,91.22531986549913,Moderate,0
2025-02-06,TraPac,2,89.44703728755239,Moderate,0
2025-02-06,APM Terminals,2,97.32732682515989,Moderate,0
2025-02-07,Everport,2,94.9502454916907,Moderate,0
2025-02-07,China Shipping,2,92.77898093671782,Moderate,0
2025-02-07,Yang Ming,2,91.22531986549913,Moderate,0
2025-02-07,TraPac,2,89.44703728755239,Moderate,0
2025-02-07,APM Terminals,2,97.32732682515989,Moderate,0
2025-02-08,Everport,2,94.96635701558249,Moderate,0
2025-02-08,China Shipping,2,92.79509246060961,Moderate,0
2025-02-08,Yang Ming,2,91.24143138939093,Moderate,0
2025-02-08,TraPac,2,89.46314881144419,Moderate,0
2025-02-08,APM Terminals,2,97.32732682515989,Moderate,0
2025-02-09,Everport,2,95.2067516575164,Moderate,0
2025-02-09,China Shipping,2,93.03548710254353,Moderate,0
2025-02-09,Yang Ming,2,91.45544961430731,Moderate,0
2025-02-09,TraPac,2,89.62667019945748,Moderate,0
2025-02-09,APM Terminals,2,97.5677214670938,Moderate,0
2025-02-10,Everport,2,95.14844243811103,Moderate,0
2025-02-10,China Shipping,2,92.97717788313815,Moderate,0
2025-02-10,Yang Ming,2,91.42351681191947,Moderate,0
2025-02-10,TraPac,2,89.64523423397273,Moderate,0
2025-02-10,APM Terminals,2,97.62709254389522,Moderate,0
2025-02-11,Everport,2,94.9502454916907,Moderate,0
2025-02-11,China Shipping,2,92.77898093671782,Moderate,0
2025-02-11,Yang Ming,2,91.22531986549913,Moderate,0
2025-02-11,TraPac,2,89.44703728755239,Moderate,0
2025-02-11,APM Terminals,2,97.42889559747488,Moderate,0
2025-02-12,Everport,2,94.9502454916907,Moderate,0
2025-02-12,China Shipping,2,92.77898093671782,Moderate,0
2025-02-12,Yang Ming,2,91.22531986549913,Moderate,0
2025-02-12,TraPac,2,89.44703728755239,Moderate,0
2025-02-12,APM Terminals,2,97.42889559747488,Moderate,0
2025-02-13,Everport,2,94.9502454916907,Moderate,0
2025-02-13,China Shipping,2,92.77898093671782,Moderate,0
2025-02-13,Yang Ming,2,91.22531986549913,Moderate,0
2025-02-13,TraPac,2,89.44703728755239,Moderate,0
2025-02-13,APM Terminals,2,97.32732682515989,Moderate,0
2025-02-14,Everport,2,94.9502454916907,Moderate,0
2025-02-14,China Shipping,2,92.77898093671782,Moderate,0
2025-02-14,Yang Ming,2,91.22531986549913,Moderate,0
2025-02-14,TraPac,2,89.44703728755239,Moderate,0
2025-02-14,APM Terminals,2,97.32732682515989,Moderate,0
2025-02-15,Everport,2,94.96635701558249,Moderate,0
2025-02-15,China Shipping,2,92.79509246060961,Moderate,0
2025-02-15,Yang Ming,2,91.24143138939093,Moderate,0
2025-02-15,TraPac,2,89.46314881144419,Moderate,0
2025-02-15,APM Terminals,2,97.32732682515989,Moderate,0
2025-02-16,Everport,2,95.2067516575164,Moderate,0
2025-02-16,China Shipping,2,93.03548710254353,Moderate,0
2025-02-16,Yang Ming,2,91.45544961430731,Moderate,0
2025-02-16,TraPac,2,89.62667019945748,Moderate,0
2025-02-16,APM Terminals,2,97.5677214670938,Moderate,0
2025-02-17,Everport,2,95.14844243811103,Moderate,0
2025-02-17,China Shipping,2,93.70363860028448,Moderate,0
2025-02-17,Yang Ming,2,91.42351681191947,Moderate,0
2025-02-17,TraPac,2,89.64523423397273,Moderate,0
2025-02-17,APM Terminals,2,97.62709254389522,Moderate,0
2025-02-18,Everport,2,94.9502454916907,Moderate,0
2025-02-18,China Shipping,2,93.50544165386414,Moderate,0
2025-02-18,Yang Ming,2,91.22531986549913,Moderate,0
2025-02-18,TraPac,2,89.44703728755239,Moderate,0
2025-02-18,APM Terminals,2,97.42889559747488,Moderate,0
2025-02-19,Everport,2,94.9502454916907,Moderate,0
2025-02-19,China Shipping,2,93.50544165386414,Moderate,0
2025-02-19,Yang Ming,2,91.22531986549913,Moderate,0
2025-02-19,TraPac,2,89.44703728755239,Moderate,0
2025-02-19,APM Terminals,2,97.42889559747488,Moderate,0
2025-02-20,Everport,2,94.9502454916907,Moderate,0
2025-02-20,China Shipping,2,93.50544165386414,Moderate,0
2025-02-20,Yang Ming,2,91.22531986549913,Moderate,0
2025-02-20,TraPac,2,89.44703728755239,Moderate,0
2025-02-20,APM Terminals,2,97.32732682515989,Moderate,0
2025-02-21,Everport,2,94.9502454916907,Moderate,0
2025-02-21,China Shipping,2,93.50544165386414,Moderate,0
2025-02-21,Yang Ming,2,91.22531986549913,Moderate,0
2025-02-21,TraPac,2,89.44703728755239,Moderate,0
2025-02-21,APM Terminals,2,97.32732682515989,Moderate,0
2025-02-22,Everport,2,94.96635701558249,Moderate,0
2025-02-22,China Shipping,2,93.52155317775593,Moderate,0
2025-02-22,Yang Ming,2,91.24143138939093,Moderate,0
2025-02-22,TraPac,2,89.46314881144419,Moderate,0
2025-02-22,APM Terminals,2,97.32732682515989,Moderate,0
2025-02-23,Everport,2,95.2067516575164,Moderate,0
2025-02-23,China Shipping,2,93.76194781968985,Moderate,0
2025-02-23,Yang Ming,2,91.45544961430731,Moderate,0
2025-02-23,TraPac,2,89.62667019945748,Moderate,0
2025-02-23,APM Terminals,2,97.5677214670938,Moderate,0
2025-02-24,Everport,2,95.14844243811103,Moderate,0
2025-02-24,China Shipping,2,93.70363860028448,Moderate,0
2025-02-24,Yang Ming,2,91.42351681191947,Moderate,0
2025-02-24,TraPac,2,89.64523423397273,Moderate,0
2025-02-24,APM Terminals,2,97.62709254389522,Moderate,0
2025-02-25,Everport,2,94.9502454916907,Moderate,0
2025-02-25,China Shipping,2,93.50544165386414,Moderate,0
2025-02-25,Yang Ming,2,91.22531986549913,Moderate,0
2025-02-25,TraPac,2,89.44703728755239,Moderate,0
2025-02-25,APM Terminals,2,97.42889559747488,Moderate,0
2025-02-26,Everport,2,94.9502454916907,Moderate,0
2025-02-26,China Shipping,2,93.50544165386414,Moderate,0
2025-02-26,Yang Ming,2,91.22531986549913,Moderate,0
2025-02-26,TraPac,2,89.44703728755239,Moderate,0
2025-02-26,APM Terminals,2,97.42889559747488,Moderate,0
2025-02-27,Everport,2,94.9502454916907,Moderate,0
2025-02-27,China Shipping,2,93.50544165386414,Moderate,0
2025-02-27,Yang Ming,2,91.22531986549913,Moderate,0
2025-02-27,TraPac,2,89.44703728755239,Moderate,0
2025-02-27,APM Terminals,2,97.32732682515989,Moderate,0
2025-02-28,Everport,2,94.9502454916907,Moderate,0
2025-02-28,China Shipping,2,93.50544165386414,Moderate,0
2025-02-28,Yang Ming,2,91.22531986549913,Moderate,0
2025-02-28,TraPac,2,89.44703728755239,Moderate,0
2025-02-28,APM Terminals,2,97.32732682515989,Moderate,0
2025-03-01,Everport,3,94.96635701558249,Moderate,0
2025-03-01,China Shipping,3,93.52155317775593,Moderate,0
2025-03-01,Yang Ming,3,91.24143138939093,Moderate,0
2025-03-01,TraPac,3,89.46314881144419,Moderate,0
2025-03-01,APM Terminals,3,97.25950418410594,Moderate,0
2025-03-02,Everport,3,95.2067516575164,Moderate,0
2025-03-02,China Shipping,3,93.76194781968985,Moderate,0
2025-03-02,Yang Ming,3,91.45544961430731,Moderate,0
2025-03-02,TraPac,3,89.62667019945748,Moderate,0
2025-03-02,APM Terminals,3,97.49989882603985,Moderate,0
2025-03-03,Everport,3,95.14844243811103,Moderate,0
2025-03-03,China Shipping,3,93.70363860028448,Moderate,0
2025-03-03,Yang Ming,3,91.42351681191947,Moderate,0
2025-03-03,TraPac,3,89.64523423397273,Moderate,0
2025-03-03,APM Terminals,3,97.55926990284127,Moderate,0
2025-03-04,Everport,3,94.9502454916907,Moderate,0
2025-03-04,China Shipping,3,93.50544165386414,Moderate,0
2025-03-04,Yang Ming,3,91.22531986549913,Moderate,0
2025-03-04,TraPac,3,89.44703728755239,Moderate,0
2025-03-04,APM Terminals,3,97.36107295642093,Moderate,0
2025-03-05,Everport,3,94.9502454916907,Moderate,0
2025-03-05,China Shipping,3,93.50544165386414,Moderate,0
2025-03-05,Yang Ming,3,91.22531986549913,Moderate,0
2025-03-05,TraPac,3,89.44703728755239,Moderate,0
2025-03-05,APM Terminals,3,97.36107295642093,Moderate,0
2025-03-06,Everport,3,94.9502454916907,Moderate,0
2025-03-06,China Shipping,3,93.50544165386414,Moderate,0
2025-03-06,Yang Ming,3,91.22531986549913,Moderate,0
2025-03-06,TraPac,3,89.44703728755239,Moderate,0
2025-03-06,APM Terminals,3,97.25950418410594,Moderate,0
2025-03-07,Everport,3,94.9502454916907,Moderate,0
2025-03-07,China Shipping,3,93.50544165386414,Moderate,0
2025-03-07,Yang Ming,3,91.22531986549913,Moderate,0
2025-03-07,TraPac,3,89.44703728755239,Moderate,0
2025-03-07,APM Terminals,3,97.25950418410594,Moderate,0
2025-03-08,Everport,3,94.96635701558249,Moderate,0
2025-03-08,China Shipping,3,93.52155317775593,Moderate,0
2025-03-08,Yang Ming,3,91.24143138939093,Moderate,0
2025-03-08,TraPac,3,89.46314881144419,Moderate,0
2025-03-08,APM Terminals,3,97.25950418410594,Moderate,0
2025-03-09,Everport,3,95.2067516575164,Moderate,0
2025-03-09,China Shipping,3,93.76194781968985,Moderate,0
2025-03-09,Yang Ming,3,91.45544961430731,Moderate,0
2025-03-09,TraPac,3,89.62667019945748,Moderate,0
2025-03-09,APM Terminals,3,97.49989882603985,Moderate,0
2025-03-10,Everport,3,95.14844243811103,Moderate,0
2025-03-10,China Shipping,3,93.70363860028448,Moderate,0
2025-03-10,Yang Ming,3,91.42351681191947,Moderate,0
2025-03-10,TraPac,3,89.64523423397273,Moderate,0
2025-03-10,APM Terminals,3,97.55926990284127,Moderate,0
2025-03-11,Everport,3,94.9502454916907,Moderate,0
2025-03-11,China Shipping,3,93.50544165386414,Moderate,0
2025-03-11,Yang Ming,3,91.22531986549913,Moderate,0
2025-03-11,TraPac,3,89.44703728755239,Moderate,0
2025-03-11,APM Terminals,3,97.36107295642093,Moderate,0
2025-03-12,Everport,3,94.9502454916907,Moderate,0
2025-03-12,China Shipping,3,93.50544165386414,Moderate,0
2025-03-12,Yang Ming,3,91.22531986549913,Moderate,0
2025-03-12,TraPac,3,89.44703728755239,Moderate,0
2025-03-12,APM Terminals,3,97.36107295642093,Moderate,0
2025-03-13,Everport,3,94.9502454916907,Moderate,0
2025-03-13,China Shipping,3,93.50544165386414,Moderate,0
2025-03-13,Yang Ming,3,91.22531986549913,Moderate,0
2025-03-13,TraPac,3,89.44703728755239,Moderate,0
2025-03-13,APM Terminals,3,97.25950418410594,Moderate,0
2025-03-14,Everport,3,94.9502454916907,Moderate,0
2025-03-14,China Shipping,3,93.50544165386414,Moderate,0
2025-03-14,Yang Ming,3,91.22531986549913,Moderate,0
2025-03-14,TraPac,3,89.44703728755239,Moderate,0
2025-03-14,APM Terminals,3,97.25950418410594,Moderate,0
2025-03-15,Everport,3,94.96635701558249,Moderate,0
2025-03-15,China Shipping,3,93.52155317775593,Moderate,0
2025-03-15,Yang Ming,3,91.24143138939093,Moderate,0
2025-03-15,TraPac,3,89.46314881144419,Moderate,0
2025-03-15,APM Terminals,3,97.25950418410594,Moderate,0
2025-03-16,Everport,3,95.2067516575164,Moderate,0
2025-03-16,China Shipping,3,93.76194781968985,Moderate,0
2025-03-16,Yang Ming,3,91.45544961430731,Moderate,0
2025-03-16,TraPac,3,89.62667019945748,Moderate,0
2025-03-16,APM Terminals,3,97.49989882603985,Moderate,0
2025-03-17,Everport,3,95.14844243811103,Moderate,0
2025-03-17,China Shipping,3,93.70363860028448,Moderate,0
2025-03-17,Yang Ming,3,91.42351681191947,Moderate,0
2025-03-17,TraPac,3,89.64523423397273,Moderate,0
2025-03-17,APM Terminals,3,97.55926990284127,Moderate,0
2025-03-18,Everport,3,94.9502454916907,Moderate,0
2025-03-18,China Shipping,3,93.50544165386414,Moderate,0
2025-03-18,Yang Ming,3,91.22531986549913,Moderate,0
2025-03-18,TraPac,3,89.44703728755239,Moderate,0
2025-03-18,APM Terminals,3,97.36107295642093,Moderate,0
2025-03-19,Everport,3,94.9502454916907,Moderate,0
2025-03-19,China Shipping,3,93.50544165386414,Moderate,0
2025-03-19,Yang Ming,3,91.22531986549913,Moderate,0
2025-03-19,TraPac,3,89.44703728755239,Moderate,0
2025-03-19,APM Terminals,3,97.36107295642093,Moderate,0
2025-03-20,Everport,3,94.9502454916907,Moderate,0
2025-03-20,China Shipping,3,93.50544165386414,Moderate,0
2025-03-20,Yang Ming,3,91.22531986549913,Moderate,0
2025-03-20,TraPac,3,89.44703728755239,Moderate,0
2025-03-20,APM Terminals,3,97.25950418410594,Moderate,0
2025-03-21,Everport,3,94.9502454916907,Moderate,0
2025-03-21,China Shipping,3,93.50544165386414,Moderate,0
2025-03-21,Yang Ming,3,91.22531986549913,Moderate,0
2025-03-21,TraPac,3,89.44703728755239,Moderate,0
2025-03-21,APM Terminals,3,97.25950418410594,Moderate,0
2025-03-22,Everport,3,94.96635701558249,Moderate,0
2025-03-22,China Shipping,3,93.52155317775593,Moderate,0
2025-03-22,Yang Ming,3,91.24143138939093,Moderate,0
2025-03-22,TraPac,3,89.46314881144419,Moderate,0
2025-03-22,APM Terminals,3,97.25950418410594,Moderate,0
2025-03-23,Everport,3,95.2067516575164,Moderate,0
2025-03-23,China Shipping,3,93.76194781968985,Moderate,0
2025-03-23,Yang Ming,3,91.45544961430731,Moderate,0
2025-03-23,TraPac,3,89.62667019945748,Moderate,0
2025-03-23,APM Terminals,3,97.49989882603985,Moderate,0
2025-03-24,Everport,3,95.14844243811103,Moderate,0
2025-03-24,China Shipping,3,93.70363860028448,Moderate,0
2025-03-24,Yang Ming,3,91.42351681191947,Moderate,0
2025-03-24,TraPac,3,89.64523423397273,Moderate,0
2025-03-24,APM Terminals,3,97.55926990284127,Moderate,0
2025-03-25,Everport,3,94.9502454916907,Moderate,0
2025-03-25,China Shipping,3,93.50544165386414,Moderate,0
2025-03-25,Yang Ming,3,91.22531986549913,Moderate,0
2025-03-25,TraPac,3,89.44703728755239,Moderate,0
2025-03-25,APM Terminals,3,97.36107295642093,Moderate,0
2025-03-26,Everport,3,94.9502454916907,Moderate,0
2025-03-26,China Shipping,3,93.50544165386414,Moderate,0
2025-03-26,Yang Ming,3,91.22531986549913,Moderate,0
2025-03-26,TraPac,3,89.44703728755239,Moderate,0
2025-03-26,APM Terminals,3,97.36107295642093,Moderate,0
2025-03-27,Everport,3,94.9502454916907,Moderate,0
2025-03-27,China Shipping,3,93.50544165386414,Moderate,0
2025-03-27,Yang Ming,3,91.22531986549913,Moderate,0
2025-03-27,TraPac,3,89.44703728755239,Moderate,0
2025-03-27,APM Terminals,3,97.25950418410594,Moderate,0
2025-03-28,Everport,3,94.9502454916907,Moderate,0
2025-03-28,China Shipping,3,93.50544165386414,Moderate,0
2025-03-28,Yang Ming,3,91.22531986549913,Moderate,0
2025-03-28,TraPac,3,89.44703728755239,Moderate,0
2025-03-28,APM Terminals,3,97.25950418410594,Moderate,0
2025-03-29,Everport,3,94.96635701558249,Moderate,0
2025-03-29,China Shipping,3,93.52155317775593,Moderate,0
2025-03-29,Yang Ming,3,91.24143138939093,Moderate,0
2025-03-29,TraPac,3,89.46314881144419,Moderate,0
2025-03-29,APM Terminals,3,97.25950418410594,Moderate,0
2025-03-30,Everport,3,95.2067516575164,Moderate,0
2025-03-30,China Shipping,3,93.76194781968985,Moderate,0
2025-03-30,Yang Ming,3,91.45544961430731,Moderate,0
2025-03-30,TraPac,3,89.62667019945748,Moderate,0
2025-03-30,APM Terminals,3,97.49989882603985,Moderate,0
2025-03-31,Everport,3,95.14844243811103,Moderate,0
2025-03-31,China Shipping,3,93.70363860028448,Moderate,0
2025-03-31,Yang Ming,3,91.42351681191947,Moderate,0
2025-03-31,TraPac,3,89.64523423397273,Moderate,0
2025-03-31,APM Terminals,3,97.55926990284127,Moderate,0
2025-04-01,Everport,4,94.9502454916907,Moderate,0
2025-04-01,China Shipping,4,93.50544165386414,Moderate,0
2025-04-01,Yang Ming,4,91.22531986549913,Moderate,0
2025-04-01,TraPac,4,89.44703728755239,Moderate,0
2025-04-01,APM Terminals,4,97.36107295642093,Moderate,0
2025-04-02,Everport,4,94.9502454916907,Moderate,0
2025-04-02,China Shipping,4,93.50544165386414,Moderate,0
2025-04-02,Yang Ming,4,91.22531986549913,Moderate,0
2025-04-02,TraPac,4,89.44703728755239,Moderate,0
2025-04-02,APM Terminals,4,97.36107295642093,Moderate,0
2025-04-03,Everport,4,94.9502454916907,Moderate,0
2025-04-03,China Shipping,4,93.50544165386414,Moderate,0
2025-04-03,Yang Ming,4,91.22531986549913,Moderate,0
2025-04-03,TraPac,4,89.44703728755239,Moderate,0
2025-04-03,APM Terminals,4,97.25950418410594,Moderate,0
2025-04-04,Everport,4,94.9502454916907,Moderate,0
2025-04-04,China Shipping,4,93.50544165386414,Moderate,0
2025-04-04,Yang Ming,4,91.22531986549913,Moderate,0
2025-04-04,TraPac,4,89.44703728755239,Moderate,0
2025-04-04,APM Terminals,4,97.25950418410594,Moderate,0
2025-04-05,Everport,4,94.96635701558249,Moderate,0
2025-04-05,China Shipping,4,93.52155317775593,Moderate,0
2025-04-05,Yang Ming,4,91.24143138939093,Moderate,0
2025-04-05,TraPac,4,89.46314881144419,Moderate,0
2025-04-05,APM Terminals,4,97.25950418410594,Moderate,0
2025-04-06,Everport,4,95.2067516575164,Moderate,0
2025-04-06,China Shipping,4,93.76194781968985,Moderate,0
2025-04-06,Yang Ming,4,91.45544961430731,Moderate,0
2025-04-06,TraPac,4,89.62667019945748,Moderate,0
2025-04-06,APM Terminals,4,97.49989882603985,Moderate,0
2025-04-07,Everport,4,95.14844243811103,Moderate,0
2025-04-07,China Shipping,4,93.70363860028448,Moderate,0
2025-04-07,Yang Ming,4,91.42351681191947,Moderate,0
2025-04-07,TraPac,4,89.64523423397273,Moderate,0
2025-04-07,APM Terminals,4,97.55926990284127,Moderate,0
2025-04-08,Everport,4,94.9502454916907,Moderate,0
2025-04-08,China Shipping,4,93.50544165386414,Moderate,0
2025-04-08,Yang Ming,4,91.22531986549913,Moderate,0
2025-04-08,TraPac,4,89.44703728755239,Moderate,0
2025-04-08,APM Terminals,4,97.36107295642093,Moderate,0
2025-04-09,Everport,4,94.9502454916907,Moderate,0
2025-04-09,China Shipping,4,93.50544165386414,Moderate,0
2025-04-09,Yang Ming,4,91.22531986549913,Moderate,0
2025-04-09,TraPac,4,89.44703728755239,Moderate,0
2025-04-09,APM Terminals,4,97.36107295642093,Moderate,0
2025-04-10,Everport,4,94.9502454916907,Moderate,0
2025-04-10,China Shipping,4,93.50544165386414,Moderate,0
2025-04-10,Yang Ming,4,91.22531986549913,Moderate,0
2025-04-10,TraPac,4,89.44703728755239,Moderate,0
2025-04-10,APM Terminals,4,97.25950418410594,Moderate,0
2025-04-11,Everport,4,94.9502454916907,Moderate,0
2025-04-11,China Shipping,4,93.50544165386414,Moderate,0
2025-04-11,Yang Ming,4,91.22531986549913,Moderate,0
2025-04-11,TraPac,4,89.44703728755239,Moderate,0
2025-04-11,APM Terminals,4,97.25950418410594,Moderate,0
2025-04-12,Everport,4,94.96635701558249,Moderate,0
2025-04-12,China Shipping,4,93.52155317775593,Moderate,0
2025-04-12,Yang Ming,4,91.24143138939093,Moderate,0
2025-04-12,TraPac,4,89.46314881144419,Moderate,0
2025-04-12,APM Terminals,4,97.25950418410594,Moderate,0
2025-04-13,Everport,4,95.2067516575164,Moderate,0
2025-04-13,China Shipping,4,93.76194781968985,Moderate,0
2025-04-13,Yang Ming,4,91.45544961430731,Moderate,0
2025-04-13,TraPac,4,89.62667019945748,Moderate,0
2025-04-13,APM Terminals,4,97.49989882603985,Moderate,0
2025-04-14,Everport,4,95.14844243811103,Moderate,0
2025-04-14,China Shipping,4,93.70363860028448,Moderate,0
2025-04-14,Yang Ming,4,91.42351681191947,Moderate,0
2025-04-14,TraPac,4,89.64523423397273,Moderate,0
2025-04-14,APM Terminals,4,97.55926990284127,Moderate,0
2025-04-15,Everport,4,94.9502454916907,Moderate,0
2025-04-15,China Shipping,4,93.50544165386414,Moderate,0
2025-04-15,Yang Ming,4,91.22531986549913,Moderate,0
2025-04-15,TraPac,4,89.44703728755239,Moderate,0
2025-04-15,APM Terminals,4,97.36107295642093,Moderate,0
2025-04-16,Everport,4,94.9502454916907,Moderate,0
2025-04-16,China Shipping,4,93.50544165386414,Moderate,0
2025-04-16,Yang Ming,4,91.22531986549913,Moderate,0
2025-04-16,TraPac,4,89.44703728755239,Moderate,0
2025-04-16,APM Terminals,4,97.36107295642093,Moderate,0
2025-04-17,Everport,4,94.9502454916907,Moderate,0
2025-04-17,China Shipping,4,93.50544165386414,Moderate,0
2025-04-17,Yang Ming,4,91.22531986549913,Moderate,0
2025-04-17,TraPac,4,89.44703728755239,Moderate,0
2025-04-17,APM Terminals,4,97.25950418410594,Moderate,0
2025-04-18,Everport,4,94.9502454916907,Moderate,0
2025-04-18,China Shipping,4,93.50544165386414,Moderate,0
2025-04-18,Yang Ming,4,91.22531986549913,Moderate,0
2025-04-18,TraPac,4,89.44703728755239,Moderate,0
2025-04-18,APM Terminals,4,97.25950418410594,Moderate,0
2025-04-19,Everport,4,94.96635701558249,Moderate,0
2025-04-19,China Shipping,4,93.52155317775593,Moderate,0
2025-04-19,Yang Ming,4,91.24143138939093,Moderate,0
2025-04-19,TraPac,4,89.46314881144419,Moderate,0
2025-04-19,APM Terminals,4,97.25950418410594,Moderate,0
2025-04-20,Everport,4,95.2067516575164,Moderate,0
2025-04-20,China Shipping,4,93.76194781968985,Moderate,0
2025-04-20,Yang Ming,4,91.45544961430731,Moderate,0
2025-04-20,TraPac,4,89.62667019945748,Moderate,0
2025-04-20,APM Terminals,4,97.49989882603985,Moderate,0
2025-04-21,Everport,4,95.167111130387,Moderate,0
2025-04-21,China Shipping,4,93.72230729256044,Moderate,0
2025-04-21,Yang Ming,4,91.44218550419544,Moderate,0
2025-04-21,TraPac,4,89.6639029262487,Moderate,0
2025-04-21,APM Terminals,4,97.57793859511723,Moderate,0
2025-04-22,Everport,4,94.96891418396666,Moderate,0
2025-04-22,China Shipping,4,93.5241103461401,Moderate,0
2025-04-22,Yang Ming,4,91.2439885577751,Moderate,0
2025-04-22,TraPac,4,89.46570597982836,Moderate,0
2025-04-22,APM Terminals,4,97.37974164869689,Moderate,0
2025-04-23,Everport,4,94.96891418396666,Moderate,0
2025-04-23,China Shipping,4,93.5241103461401,Moderate,0
2025-04-23,Yang Ming,4,91.2439885577751,Moderate,0
2025-04-23,TraPac,4,89.46570597982836,Moderate,0
2025-04-23,APM Terminals,4,97.37974164869689,Moderate,0
2025-04-24,Everport,4,94.96891418396666,Moderate,0
2025-04-24,China Shipping,4,93.5241103461401,Moderate,0
2025-04-24,Yang Ming,4,91.2439885577751,Moderate,0
2025-04-24,TraPac,4,89.46570597982836,Moderate,0
2025-04-24,APM Terminals,4,97.2781728763819,Moderate,0
2025-04-25,Everport,4,94.96891418396666,Moderate,0
2025-04-25,China Shipping,4,93.5241103461401,Moderate,0
2025-04-25,Yang Ming,4,91.2439885577751,Moderate,0
2025-04-25,TraPac,4,89.46570597982836,Moderate,0
2025-04-25,APM Terminals,4,97.2781728763819,Moderate,0
2025-04-26,Everport,4,94.98502570785845,Moderate,0
2025-04-26,China Shipping,4,93.5402218700319,Moderate,0
2025-04-26,Yang Ming,4,91.26010008166689,Moderate,0
2025-04-26,TraPac,4,89.48181750372015,Moderate,0
2025-04-26,APM Terminals,4,97.2781728763819,Moderate,0
2025-04-27,Everport,4,95.22542034979237,Moderate,0
2025-04-27,China Shipping,4,93.78061651196582,Moderate,0
2025-04-27,Yang Ming,4,91.47411830658328,Moderate,0
2025-04-27,TraPac,4,89.64533889173345,Moderate,0
2025-04-27,APM Terminals,4,97.51856751831582,Moderate,0
2025-04-28,Everport,4,95.167111130387,Moderate,0
2025-04-28,China Shipping,4,93.05966089348772,Moderate,0
2025-04-28,Yang Ming,4,91.44218550419544,Moderate,0
2025-04-28,TraPac,4,89.6639029262487,Moderate,0
2025-04-28,APM Terminals,4,97.57793859511723,Moderate,0
2025-04-29,Everport,4,94.96891418396666,Moderate,0
2025-04-29,China Shipping,4,92.86146394706738,Moderate,0
2025-04-29,Yang Ming,4,91.2439885577751,Moderate,0
2025-04-29,TraPac,4,89.46570597982836,Moderate,0
2025-04-29,APM Terminals,4,97.37974164869689,Moderate,0
2025-04-30,Everport,4,94.96891418396666,Moderate,0
2025-04-30,China Shipping,4,92.86146394706738,Moderate,0
2025-04-30,Yang Ming,4,91.2439885577751,Moderate,0
2025-04-30,TraPac,4,89.46570597982836,Moderate,0
2025-04-30,APM Terminals,4,97.37974164869689,Moderate,0
2025-05-01,Everport,5,94.96891418396666,Moderate,0
2025-05-01,China Shipping,5,92.86146394706738,Moderate,0
2025-05-01,Yang Ming,5,91.2439885577751,Moderate,0
2025-05-01,TraPac,5,89.46570597982836,Moderate,0
2025-05-01,APM Terminals,5,97.2781728763819,Moderate,0
2025-05-02,Everport,5,94.96891418396666,Moderate,0
2025-05-02,China Shipping,5,92.86146394706738,Moderate,0
2025-05-02,Yang Ming,5,91.2439885577751,Moderate,0
2025-05-02,TraPac,5,89.46570597982836,Moderate,0
2025-05-02,APM Terminals,5,97.2781728763819,Moderate,0
2025-05-03,Everport,5,94.98502570785845,Moderate,0
2025-05-03,China Shipping,5,92.87757547095917,Moderate,0
2025-05-03,Yang Ming,5,91.26010008166689,Moderate,0
2025-05-03,TraPac,5,89.48181750372015,Moderate,0
2025-05-03,APM Terminals,5,97.2781728763819,Moderate,0
2025-05-04,Everport,5,95.22542034979237,Moderate,0
2025-05-04,China Shipping,5,93.11797011289309,Moderate,0
2025-05-04,Yang Ming,5,91.47411830658328,Moderate,0
2025-05-04,TraPac,5,89.64533889173345,Moderate,0
2025-05-04,APM Terminals,5,97.51856751831582,Moderate,0
2025-05-05,Everport,5,95.167111130387,Moderate,0
2025-05-05,China Shipping,5,93.05966089348772,Moderate,0
2025-05-05,Yang Ming,5,91.44218550419544,Moderate,0
2025-05-05,TraPac,5,89.6639029262487,Moderate,0
2025-05-05,APM Terminals,5,97.57793859511723,Moderate,0
2025-05-06,Everport,5,94.96891418396666,Moderate,0
2025-05-06,China Shipping,5,92.86146394706738,Moderate,0
2025-05-06,Yang Ming,5,91.2439885577751,Moderate,0
2025-05-06,TraPac,5,89.46570597982836,Moderate,0
2025-05-06,APM Terminals,5,97.37974164869689,Moderate,0
2025-05-07,Everport,5,94.96891418396666,Moderate,0
2025-05-07,China Shipping,5,92.86146394706738,Moderate,0
2025-05-07,Yang Ming,5,91.2439885577751,Moderate,0
2025-05-07,TraPac,5,89.46570597982836,Moderate,0
2025-05-07,APM Terminals,5,97.37974164869689,Moderate,0
2025-05-08,Everport,5,94.96891418396666,Moderate,0
2025-05-08,China Shipping,5,92.86146394706738,Moderate,0
2025-05-08,Yang Ming,5,91.2439885577751,Moderate,0
2025-05-08,TraPac,5,89.46570597982836,Moderate,0
2025-05-08,APM Terminals,5,97.2781728763819,Moderate,0
2025-05-09,Everport,5,94.96891418396666,Moderate,0
2025-05-09,China Shipping,5,92.86146394706738,Moderate,0
2025-05-09,Yang Ming,5,91.2439885577751,Moderate,0
2025-05-09,TraPac,5,89.46570597982836,Moderate,0
2025-05-09,APM Terminals,5,97.2781728763819,Moderate,0
2025-05-10,Everport,5,94.98502570785845,Moderate,0
2025-05-10,China Shipping,5,92.87757547095917,Moderate,0
2025-05-10,Yang Ming,5,91.26010008166689,Moderate,0
2025-05-10,TraPac,5,89.48181750372015,Moderate,0
2025-05-10,APM Terminals,5,97.2781728763819,Moderate,0
2025-05-11,Everport,5,95.22542034979237,Moderate,0
2025-05-11,China Shipping,5,93.11797011289309,Moderate,0
2025-05-11,Yang Ming,5,91.47411830658328,Moderate,0
2025-05-11,TraPac,5,89.64533889173345,Moderate,0
2025-05-11,APM Terminals,5,97.51856751831582,Moderate,0
2025-05-12,Everport,5,95.167111130387,Moderate,0
2025-05-12,China Shipping,5,93.05966089348772,Moderate,0
2025-05-12,Yang Ming,5,91.44218550419544,Moderate,0
2025-05-12,TraPac,5,89.6639029262487,Moderate,0
2025-05-12,APM Terminals,5,97.57793859511723,Moderate,0
2025-05-13,Everport,5,94.96891418396666,Moderate,0
2025-05-13,China Shipping,5,92.86146394706738,Moderate,0
2025-05-13,Yang Ming,5,91.2439885577751,Moderate,0
2025-05-13,TraPac,5,89.46570597982836,Moderate,0
2025-05-13,APM Terminals,5,97.37974164869689,Moderate,0
2025-05-14,Everport,5,94.96891418396666,Moderate,0
2025-05-14,China Shipping,5,92.86146394706738,Moderate,0
2025-05-14,Yang Ming,5,91.2439885577751,Moderate,0
2025-05-14,TraPac,5,89.46570597982836,Moderate,0
2025-05-14,APM Terminals,5,97.37974164869689,Moderate,0
2025-05-15,Everport,5,94.96891418396666,Moderate,0
2025-05-15,China Shipping,5,92.86146394706738,Moderate,0
2025-05-15,Yang Ming,5,91.2439885577751,Moderate,0
2025-05-15,TraPac,5,89.46570597982836,Moderate,0
2025-05-15,APM Terminals,5,97.2781728763819,Moderate,0
2025-05-16,Everport,5,94.96891418396666,Moderate,0
2025-05-16,China Shipping,5,92.86146394706738,Moderate,0
2025-05-16,Yang Ming,5,91.2439885577751,Moderate,0
2025-05-16,TraPac,5,89.46570597982836,Moderate,0
2025-05-16,APM Terminals,5,97.2781728763819,Moderate,0
2025-05-17,Everport,5,94.98502570785845,Moderate,0
2025-05-17,China Shipping,5,92.87757547095917,Moderate,0
2025-05-17,Yang Ming,5,91.26010008166689,Moderate,0
2025-05-17,TraPac,5,89.48181750372015,Moderate,0
2025-05-17,APM Terminals,5,97.2781728763819,Moderate,0
2025-05-18,Everport,5,95.22542034979237,Moderate,0
2025-05-18,China Shipping,5,93.11797011289309,Moderate,0
2025-05-18,Yang Ming,5,91.47411830658328,Moderate,0
2025-05-18,TraPac,5,89.64533889173345,Moderate,0
2025-05-18,APM Terminals,5,97.51856751831582,Moderate,0
2025-05-19,Everport,5,95.167111130387,Moderate,0
2025-05-19,China Shipping,5,93.05966089348772,Moderate,0
2025-05-19,Yang Ming,5,91.44218550419544,Moderate,0
2025-05-19,TraPac,5,89.6639029262487,Moderate,0
2025-05-19,APM Terminals,5,97.57793859511723,Moderate,0
2025-05-20,Everport,5,94.96891418396666,Moderate,0
2025-05-20,China Shipping,5,92.86146394706738,Moderate,0
2025-05-20,Yang Ming,5,91.2439885577751,Moderate,0
2025-05-20,TraPac,5,89.46570597982836,Moderate,0
2025-05-20,APM Terminals,5,97.37974164869689,Moderate,0
2025-05-21,Everport,5,94.96891418396666,Moderate,0
2025-05-21,China Shipping,5,92.86146394706738,Moderate,0
2025-05-21,Yang Ming,5,91.2439885577751,Moderate,0
2025-05-21,TraPac,5,89.46570597982836,Moderate,0
2025-05-21,APM Terminals,5,97.37974164869689,Moderate,0
2025-05-22,Everport,5,94.96891418396666,Moderate,0
2025-05-22,China Shipping,5,92.86146394706738,Moderate,0
2025-05-22,Yang Ming,5,91.2439885577751,Moderate,0
2025-05-22,TraPac,5,89.46570597982836,Moderate,0
2025-05-22,APM Terminals,5,97.2781728763819,Moderate,0
2025-05-23,Everport,5,94.96891418396666,Moderate,0
2025-05-23,China Shipping,5,92.86146394706738,Moderate,0
2025-05-23,Yang Ming,5,91.2439885577751,Moderate,0
2025-05-23,TraPac,5,89.46570597982836,Moderate,0
2025-05-23,APM Terminals,5,97.2781728763819,Moderate,0
2025-05-24,Everport,5,94.98502570785845,Moderate,0
2025-05-24,China Shipping,5,92.87757547095917,Moderate,0
2025-05-24,Yang Ming,5,91.26010008166689,Moderate,0
2025-05-24,TraPac,5,89.48181750372015,Moderate,0
2025-05-24,APM Terminals,5,97.2781728763819,Moderate,0
2025-05-25,Everport,5,95.22542034979237,Moderate,0
2025-05-25,China Shipping,5,93.11797011289309,Moderate,0
2025-05-25,Yang Ming,5,91.47411830658328,Moderate,0
2025-05-25,TraPac,5,89.64533889173345,Moderate,0
2025-05-25,APM Terminals,5,97.51856751831582,Moderate,0
2025-05-26,Everport,5,95.167111130387,Moderate,0
2025-05-26,China Shipping,5,93.44539252569938,Moderate,0
2025-05-26,Yang Ming,5,91.44218550419544,Moderate,0
2025-05-26,TraPac,5,89.6639029262487,Moderate,0
2025-05-26,APM Terminals,5,97.57793859511723,Moderate,0
2025-05-27,Everport,5,94.96891418396666,Moderate,0
2025-05-27,China Shipping,5,93.24719557927904,Moderate,0
2025-05-27,Yang Ming,5,91.2439885577751,Moderate,0
2025-05-27,TraPac,5,89.46570597982836,Moderate,0
2025-05-27,APM Terminals,5,97.37974164869689,Moderate,0
2025-05-28,Everport,5,94.96891418396666,Moderate,0
2025-05-28,China Shipping,5,93.24719557927904,Moderate,0
2025-05-28,Yang Ming,5,91.2439885577751,Moderate,0
2025-05-28,TraPac,5,89.46570597982836,Moderate,0
2025-05-28,APM Terminals,5,97.37974164869689,Moderate,0
2025-05-29,Everport,5,94.96891418396666,Moderate,0
2025-05-29,China Shipping,5,93.24719557927904,Moderate,0
2025-05-29,Yang Ming,5,91.2439885577751,Moderate,0
2025-05-29,TraPac,5,89.46570597982836,Moderate,0
2025-05-29,APM Terminals,5,97.2781728763819,Moderate,0
2025-05-30,Everport,5,94.96891418396666,Moderate,0
2025-05-30,China Shipping,5,93.24719557927904,Moderate,0
2025-05-30,Yang Ming,5,91.2439885577751,Moderate,0
2025-05-30,TraPac,5,89.46570597982836,Moderate,0
2025-05-30,APM Terminals,5,97.2781728763819,Moderate,0
2025-05-31,Everport,5,94.98502570785845,Moderate,0
2025-05-31,China Shipping,5,93.26330710317083,Moderate,0
2025-05-31,Yang Ming,5,91.26010008166689,Moderate,0
2025-05-31,TraPac,5,89.48181750372015,Moderate,0
2025-05-31,APM Terminals,5,97.2781728763819,Moderate,0
2025-06-01,Everport,6,95.22542034979237,Moderate,0
2025-06-01,China Shipping,6,93.50370174510475,Moderate,0
2025-06-01,Yang Ming,6,91.47411830658328,Moderate,0
2025-06-01,TraPac,6,89.64533889173345,Moderate,0
2025-06-01,APM Terminals,6,97.51856751831582,Moderate,0
2025-06-02,Everport,6,95.1853234483456,Moderate,0
2025-06-02,China Shipping,6,93.46360484365798,Moderate,0
2025-06-02,Yang Ming,6,91.46039782215404,Moderate,0
2025-06-02,TraPac,6,89.6821152442073,Moderate,0
2025-06-02,APM Terminals,6,97.59615091307583,Moderate,0
2025-06-03,Everport,6,94.98712650192526,Moderate,0
2025-06-03,China Shipping,6,93.26540789723764,Moderate,0
2025-06-03,Yang Ming,6,91.2622008757337,Moderate,0
2025-06-03,TraPac,6,89.48391829778696,Moderate,0
2025-06-03,APM Terminals,6,97.39795396665549,Moderate,0
2025-06-04,Everport,6,94.98712650192526,Moderate,0
2025-06-04,China Shipping,6,93.26540789723764,Moderate,0
2025-06-04,Yang Ming,6,91.2622008757337,Moderate,0
2025-06-04,TraPac,6,89.48391829778696,Moderate,0
2025-06-04,APM Terminals,6,97.39795396665549,Moderate,0
2025-06-05,Everport,6,94.98712650192526,Moderate,0
2025-06-05,China Shipping,6,93.26540789723764,Moderate,0
2025-06-05,Yang Ming,6,91.2622008757337,Moderate,0
2025-06-05,TraPac,6,89.48391829778696,Moderate,0
2025-06-05,APM Terminals,6,97.2963851943405,Moderate,0
2025-06-06,Everport,6,94.98712650192526,Moderate,0
2025-06-06,China Shipping,6,93.26540789723764,Moderate,0
2025-06-06,Yang Ming,6,91.2622008757337,Moderate,0
2025-06-06,TraPac,6,89.48391829778696,Moderate,0
2025-06-06,APM Terminals,6,97.2963851943405,Moderate,0
2025-06-07,Everport,6,95.00323802581705,Moderate,0
2025-06-07,China Shipping,6,93.28151942112943,Moderate,0
2025-06-07,Yang Ming,6,91.27831239962549,Moderate,0
2025-06-07,TraPac,6,89.50002982167875,Moderate,0
2025-06-07,APM Terminals,6,97.2963851943405,Moderate,0
2025-06-08,Everport,6,95.24363266775097,Moderate,0
2025-06-08,China Shipping,6,93.52191406306335,Moderate,0
2025-06-08,Yang Ming,6,91.49233062454188,Moderate,0
2025-06-08,TraPac,6,89.66355120969205,Moderate,0
2025-06-08,APM Terminals,6,97.53677983627442,Moderate,0
2025-06-09,Everport,6,95.1853234483456,Moderate,0
2025-06-09,China Shipping,6,93.46360484365798,Moderate,0
2025-06-09,Yang Ming,6,91.46039782215404,Moderate,0
2025-06-09,TraPac,6,89.6821152442073,Moderate,0
2025-06-09,APM Terminals,6,97.59615091307583,Moderate,0
2025-06-10,Everport,6,94.98712650192526,Moderate,0
2025-06-10,China Shipping,6,93.26540789723764,Moderate,0
2025-06-10,Yang Ming,6,91.2622008757337,Moderate,0
2025-06-10,TraPac,6,89.48391829778696,Moderate,0
2025-06-10,APM Terminals,6,97.39795396665549,Moderate,0
2025-06-11,Everport,6,94.98712650192526,Moderate,0
2025-06-11,China Shipping,6,93.26540789723764,Moderate,0
2025-06-11,Yang Ming,6,91.2622008757337,Moderate,0
2025-06-11,TraPac,6,89.48391829778696,Moderate,0
2025-06-11,APM Terminals,6,97.39795396665549,Moderate,0
2025-06-12,Everport,6,94.98712650192526,Moderate,0
2025-06-12,China Shipping,6,93.26540789723764,Moderate,0
2025-06-12,Yang Ming,6,91.2622008757337,Moderate,0
2025-06-12,TraPac,6,89.48391829778696,Moderate,0
2025-06-12,APM Terminals,6,97.2963851943405,Moderate,0
2025-06-13,Everport,6,94.98712650192526,Moderate,0
2025-06-13,China Shipping,6,93.26540789723764,Moderate,0
2025-06-13,Yang Ming,6,91.2622008757337,Moderate,0
2025-06-13,TraPac,6,89.48391829778696,Moderate,0
2025-06-13,APM Terminals,6,97.2963851943405,Moderate,0
2025-06-14,Everport,6,95.00323802581705,Moderate,0
2025-06-14,China Shipping,6,93.28151942112943,Moderate,0
2025-06-14,Yang Ming,6,91.27831239962549,Moderate,0
2025-06-14,TraPac,6,89.50002982167875,Moderate,0
2025-06-14,APM Terminals,6,97.2963851943405,Moderate,0
2025-06-15,Everport,6,95.24363266775097,Moderate,0
2025-06-15,China Shipping,6,93.52191406306335,Moderate,0
2025-06-15,Yang Ming,6,91.49233062454188,Moderate,0
2025-06-15,TraPac,6,89.66355120969205,Moderate,0
2025-06-15,APM Terminals,6,97.53677983627442,Moderate,0
2025-06-16,Everport,6,95.1853234483456,Moderate,0
2025-06-16,China Shipping,6,93.46360484365798,Moderate,0
2025-06-16,Yang Ming,6,91.46039782215404,Moderate,0
2025-06-16,TraPac,6,89.6821152442073,Moderate,0
2025-06-16,APM Terminals,6,97.59615091307583,Moderate,0
2025-06-17,Everport,6,94.98712650192526,Moderate,0
2025-06-17,China Shipping,6,93.26540789723764,Moderate,0
2025-06-17,Yang Ming,6,91.2622008757337,Moderate,0
2025-06-17,TraPac,6,89.48391829778696,Moderate,0
2025-06-17,APM Terminals,6,97.39795396665549,Moderate,0
2025-06-18,Everport,6,94.98712650192526,Moderate,0
2025-06-18,China Shipping,6,93.26540789723764,Moderate,0
2025-06-18,Yang Ming,6,91.2622008757337,Moderate,0
2025-06-18,TraPac,6,89.48391829778696,Moderate,0
2025-06-18,APM Terminals,6,97.39795396665549,Moderate,0
2025-06-19,Everport,6,94.98712650192526,Moderate,0
2025-06-19,China Shipping,6,93.26540789723764,Moderate,0
2025-06-19,Yang Ming,6,91.2622008757337,Moderate,0
2025-06-19,TraPac,6,89.48391829778696,Moderate,0
2025-06-19,APM Terminals,6,97.2963851943405,Moderate,0
2025-06-20,Everport,6,94.98712650192526,Moderate,0
2025-06-20,China Shipping,6,93.26540789723764,Moderate,0
2025-06-20,Yang Ming,6,91.2622008757337,Moderate,0
2025-06-20,TraPac,6,89.48391829778696,Moderate,0
2025-06-20,APM Terminals,6,97.2963851943405,Moderate,0
2025-06-21,Everport,6,95.00323802581705,Moderate,0
2025-06-21,China Shipping,6,93.28151942112943,Moderate,0
2025-06-21,Yang Ming,6,91.27831239962549,Moderate,0
2025-06-21,TraPac,6,89.50002982167875,Moderate,0
2025-06-21,APM Terminals,6,97.2963851943405,Moderate,0
2025-06-22,Everport,6,95.24363266775097,Moderate,0
2025-06-22,China Shipping,6,93.52191406306335,Moderate,0
2025-06-22,Yang Ming,6,91.49233062454188,Moderate,0
2025-06-22,TraPac,6,89.66355120969205,Moderate,0
2025-06-22,APM Terminals,6,97.53677983627442,Moderate,0
2025-06-23,Everport,6,95.1853234483456,Moderate,0
2025-06-23,China Shipping,6,93.46360484365798,Moderate,0
2025-06-23,Yang Ming,6,91.46039782215404,Moderate,0
2025-06-23,TraPac,6,89.6821152442073,Moderate,0
2025-06-23,APM Terminals,6,97.59615091307583,Moderate,0
2025-06-24,Everport,6,94.98712650192526,Moderate,0
2025-06-24,China Shipping,6,93.26540789723764,Moderate,0
2025-06-24,Yang Ming,6,91.2622008757337,Moderate,0
2025-06-24,TraPac,6,89.48391829778696,Moderate,0
2025-06-24,APM Terminals,6,97.39795396665549,Moderate,0
2025-06-25,Everport,6,94.98712650192526,Moderate,0
2025-06-25,China Shipping,6,93.26540789723764,Moderate,0
2025-06-25,Yang Ming,6,91.2622008757337,Moderate,0
2025-06-25,TraPac,6,89.48391829778696,Moderate,0
2025-06-25,APM Terminals,6,97.39795396665549,Moderate,0
2025-06-26,Everport,6,94.98712650192526,Moderate,0
2025-06-26,China Shipping,6,93.26540789723764,Moderate,0
2025-06-26,Yang Ming,6,91.2622008757337,Moderate,0
2025-06-26,TraPac,6,89.48391829778696,Moderate,0
2025-06-26,APM Terminals,6,97.2963851943405,Moderate,0
2025-06-27,Everport,6,94.98712650192526,Moderate,0
2025-06-27,China Shipping,6,93.26540789723764,Moderate,0
2025-06-27,Yang Ming,6,91.2622008757337,Moderate,0
2025-06-27,TraPac,6,89.48391829778696,Moderate,0
2025-06-27,APM Terminals,6,97.2963851943405,Moderate,0
2025-06-28,Everport,6,95.00323802581705,Moderate,0
2025-06-28,China Shipping,6,93.28151942112943,Moderate,0
2025-06-28,Yang Ming,6,91.27831239962549,Moderate,0
2025-06-28,TraPac,6,89.50002982167875,Moderate,0
2025-06-28,APM Terminals,6,97.2963851943405,Moderate,0
2025-06-29,Everport,6,95.24363266775097,Moderate,0
2025-06-29,China Shipping,6,93.52191406306335,Moderate,0
2025-06-29,Yang Ming,6,91.49233062454188,Moderate,0
2025-06-29,TraPac,6,89.66355120969205,Moderate,0
2025-06-29,APM Terminals,6,97.53677983627442,Moderate,0
2025-06-30,Everport,6,95.1853234483456,Moderate,0
2025-06-30,China Shipping,6,93.46360484365798,Moderate,0
2025-06-30,Yang Ming,6,91.46039782215404,Moderate,0
2025-06-30,TraPac,6,89.6821152442073,Moderate,0
2025-06-30,APM Terminals,6,97.59615091307583,Moderate,0
2025-07-01,Everport,7,94.98712650192526,Moderate,0
2025-07-01,China Shipping,7,93.26540789723764,Moderate,0
2025-07-01,Yang Ming,7,91.2622008757337,Moderate,0
2025-07-01,TraPac,7,89.48391829778696,Moderate,0
2025-07-01,APM Terminals,7,97.39795396665549,Moderate,0
2025-07-02,Everport,7,94.98712650192526,Moderate,0
2025-07-02,China Shipping,7,93.26540789723764,Moderate,0
2025-07-02,Yang Ming,7,91.2622008757337,Moderate,0
2025-07-02,TraPac,7,89.48391829778696,Moderate,0
2025-07-02,APM Terminals,7,97.39795396665549,Moderate,0
2025-07-03,Everport,7,94.98712650192526,Moderate,0
2025-07-03,China Shipping,7,93.26540789723764,Moderate,0
2025-07-03,Yang Ming,7,91.2622008757337,Moderate,0
2025-07-03,TraPac,7,89.48391829778696,Moderate,0
2025-07-03,APM Terminals,7,97.2963851943405,Moderate,0
2025-07-04,Everport,7,94.98712650192526,Moderate,0
2025-07-04,China Shipping,7,93.26540789723764,Moderate,0
2025-07-04,Yang Ming,7,91.2622008757337,Moderate,0
2025-07-04,TraPac,7,89.48391829778696,Moderate,0
2025-07-04,APM Terminals,7,97.2963851943405,Moderate,0
2025-07-05,Everport,7,95.00323802581705,Moderate,0
2025-07-05,China Shipping,7,93.28151942112943,Moderate,0
2025-07-05,Yang Ming,7,91.27831239962549,Moderate,0
2025-07-05,TraPac,7,89.50002982167875,Moderate,0
2025-07-05,APM Terminals,7,97.2963851943405,Moderate,0
2025-07-06,Everport,7,95.24363266775097,Moderate,0
2025-07-06,China Shipping,7,93.52191406306335,Moderate,0
2025-07-06,Yang Ming,7,91.49233062454188,Moderate,0
2025-07-06,TraPac,7,89.66355120969205,Moderate,0
2025-07-06,APM Terminals,7,97.53677983627442,Moderate,0
2025-07-07,Everport,7,95.1853234483456,Moderate,0
2025-07-07,China Shipping,7,93.46360484365798,Moderate,0
2025-07-07,Yang Ming,7,91.46039782215404,Moderate,0
2025-07-07,TraPac,7,89.6821152442073,Moderate,0
2025-07-07,APM Terminals,7,97.59615091307583,Moderate,0
2025-07-08,Everport,7,94.98712650192526,Moderate,0
2025-07-08,China Shipping,7,93.26540789723764,Moderate,0
2025-07-08,Yang Ming,7,91.2622008757337,Moderate,0
2025-07-08,TraPac,7,89.48391829778696,Moderate,0
2025-07-08,APM Terminals,7,97.39795396665549,Moderate,0
2025-07-09,Everport,7,94.98712650192526,Moderate,0
2025-07-09,China Shipping,7,93.26540789723764,Moderate,0
2025-07-09,Yang Ming,7,91.2622008757337,Moderate,0
2025-07-09,TraPac,7,89.48391829778696,Moderate,0
2025-07-09,APM Terminals,7,97.39795396665549,Moderate,0
2025-07-10,Everport,7,94.98712650192526,Moderate,0
2025-07-10,China Shipping,7,93.26540789723764,Moderate,0
2025-07-10,Yang Ming,7,91.2622008757337,Moderate,0
2025-07-10,TraPac,7,89.48391829778696,Moderate,0
2025-07-10,APM Terminals,7,97.2963851943405,Moderate,0
2025-07-11,Everport,7,94.98712650192526,Moderate,0
2025-07-11,China Shipping,7,93.26540789723764,Moderate,0
2025-07-11,Yang Ming,7,91.2622008757337,Moderate,0
2025-07-11,TraPac,7,89.48391829778696,Moderate,0
2025-07-11,APM Terminals,7,97.2963851943405,Moderate,0
2025-07-12,Everport,7,95.00323802581705,Moderate,0
2025-07-12,China Shipping,7,93.28151942112943,Moderate,0
2025-07-12,Yang Ming,7,91.27831239962549,Moderate,0
2025-07-12,TraPac,7,89.50002982167875,Moderate,0
2025-07-12,APM Terminals,7,97.2963851943405,Moderate,0
2025-07-13,Everport,7,95.24363266775097,Moderate,0
2025-07-13,China Shipping,7,93.52191406306335,Moderate,0
2025-07-13,Yang Ming,7,91.49233062454188,Moderate,0
2025-07-13,TraPac,7,89.66355120969205,Moderate,0
2025-07-13,APM Terminals,7,97.53677983627442,Moderate,0
2025-07-14,Everport,7,95.1853234483456,Moderate,0
2025-07-14,China Shipping,7,93.46360484365798,Moderate,0
2025-07-14,Yang Ming,7,91.46039782215404,Moderate,0
2025-07-14,TraPac,7,89.6821152442073,Moderate,0
2025-07-14,APM Terminals,7,97.59615091307583,Moderate,0
2025-07-15,Everport,7,94.98712650192526,Moderate,0
2025-07-15,China Shipping,7,93.26540789723764,Moderate,0
2025-07-15,Yang Ming,7,91.2622008757337,Moderate,0
2025-07-15,TraPac,7,89.48391829778696,Moderate,0
2025-07-15,APM Terminals,7,97.39795396665549,Moderate,0
2025-07-16,Everport,7,94.98712650192526,Moderate,0
2025-07-16,China Shipping,7,93.26540789723764,Moderate,0
2025-07-16,Yang Ming,7,91.2622008757337,Moderate,0
2025-07-16,TraPac,7,89.48391829778696,Moderate,0
2025-07-16,APM Terminals,7,97.39795396665549,Moderate,0
2025-07-17,Everport,7,94.98712650192526,Moderate,0
2025-07-17,China Shipping,7,93.26540789723764,Moderate,0
2025-07-17,Yang Ming,7,91.2622008757337,Moderate,0
2025-07-17,TraPac,7,89.48391829778696,Moderate,0
2025-07-17,APM Terminals,7,97.2963851943405,Moderate,0
2025-07-18,Everport,7,94.98712650192526,Moderate,0
2025-07-18,China Shipping,7,93.26540789723764,Moderate,0
2025-07-18,Yang Ming,7,91.2622008757337,Moderate,0
2025-07-18,TraPac,7,89.48391829778696,Moderate,0
2025-07-18,APM Terminals,7,97.2963851943405,Moderate,0
2025-07-19,Everport,7,95.00323802581705,Moderate,0
2025-07-19,China Shipping,7,93.28151942112943,Moderate,0
2025-07-19,Yang Ming,7,91.27831239962549,Moderate,0
2025-07-19,TraPac,7,89.50002982167875,Moderate,0
2025-07-19,APM Terminals,7,97.2963851943405,Moderate,0
2025-07-20,Everport,7,95.24363266775097,Moderate,0
2025-07-20,China Shipping,7,93.52191406306335,Moderate,0
2025-07-20,Yang Ming,7,91.49233062454188,Moderate,0
2025-07-20,TraPac,7,89.66355120969205,Moderate,0
2025-07-20,APM Terminals,7,97.53677983627442,Moderate,0
2025-07-21,Everport,7,95.1853234483456,Moderate,0
2025-07-21,China Shipping,7,93.46360484365798,Moderate,0
2025-07-21,Yang Ming,7,91.46039782215404,Moderate,0
2025-07-21,TraPac,7,89.6821152442073,Moderate,0
2025-07-21,APM Terminals,7,97.59615091307583,Moderate,0
2025-07-22,Everport,7,94.98712650192526,Moderate,0
2025-07-22,China Shipping,7,93.26540789723764,Moderate,0
2025-07-22,Yang Ming,7,91.2622008757337,Moderate,0
2025-07-22,TraPac,7,89.48391829778696,Moderate,0
2025-07-22,APM Terminals,7,97.39795396665549,Moderate,0
2025-07-23,Everport,7,94.98712650192526,Moderate,0
2025-07-23,China Shipping,7,93.26540789723764,Moderate,0
2025-07-23,Yang Ming,7,91.2622008757337,Moderate,0
2025-07-23,TraPac,7,89.48391829778696,Moderate,0
2025-07-23,APM Terminals,7,97.39795396665549,Moderate,0
2025-07-24,Everport,7,94.98712650192526,Moderate,0
2025-07-24,China Shipping,7,93.26540789723764,Moderate,0
2025-07-24,Yang Ming,7,91.2622008757337,Moderate,0
2025-07-24,TraPac,7,89.48391829778696,Moderate,0
2025-07-24,APM Terminals,7,97.2963851943405,Moderate,0
2025-07-25,Everport,7,94.98712650192526,Moderate,0
2025-07-25,China Shipping,7,93.26540789723764,Moderate,0
2025-07-25,Yang Ming,7,91.2622008757337,Moderate,0
2025-07-25,TraPac,7,89.48391829778696,Moderate,0
2025-07-25,APM Terminals,7,97.2963851943405,Moderate,0
2025-07-26,Everport,7,95.00323802581705,Moderate,0
2025-07-26,China Shipping,7,93.28151942112943,Moderate,0
2025-07-26,Yang Ming,7,91.27831239962549,Moderate,0
2025-07-26,TraPac,7,89.50002982167875,Moderate,0
2025-07-26,APM Terminals,7,97.2963851943405,Moderate,0
2025-07-27,Everport,7,95.24363266775097,Moderate,0
2025-07-27,China Shipping,7,93.52191406306335,Moderate,0
2025-07-27,Yang Ming,7,91.49233062454188,Moderate,0
2025-07-27,TraPac,7,89.66355120969205,Moderate,0
2025-07-27,APM Terminals,7,97.53677983627442,Moderate,0
2025-07-28,Everport,7,95.1853234483456,Moderate,0
2025-07-28,China Shipping,7,93.46360484365798,Moderate,0
2025-07-28,Yang Ming,7,91.46039782215404,Moderate,0
2025-07-28,TraPac,7,89.6821152442073,Moderate,0
2025-07-28,APM Terminals,7,97.59615091307583,Moderate,0
2025-07-29,Everport,7,94.98712650192526,Moderate,0
2025-07-29,China Shipping,7,93.26540789723764,Moderate,0
2025-07-29,Yang Ming,7,91.2622008757337,Moderate,0
2025-07-29,TraPac,7,89.48391829778696,Moderate,0
2025-07-29,APM Terminals,7,97.39795396665549,Moderate,0
2025-07-30,Everport,7,94.98712650192526,Moderate,0
2025-07-30,China Shipping,7,93.26540789723764,Moderate,0
2025-07-30,Yang Ming,7,91.2622008757337,Moderate,0
2025-07-30,TraPac,7,89.48391829778696,Moderate,0
2025-07-30,APM Terminals,7,97.39795396665549,Moderate,0
2025-07-31,Everport,7,94.98712650192526,Moderate,0
2025-07-31,China Shipping,7,93.26540789723764,Moderate,0
2025-07-31,Yang Ming,7,91.2622008757337,Moderate,0
2025-07-31,TraPac,7,89.48391829778696,Moderate,0
2025-07-31,APM Terminals,7,97.2963851943405,Moderate,0
2025-08-01,Everport,8,110.73059144109737,High,1
2025-08-01,China Shipping,8,110.39076475308026,High,1
2025-08-01,Yang Ming,8,109.29746248944413,High,1
2025-08-01,TraPac,8,107.87739546506597,High,1
2025-08-01,APM Terminals,8,110.5547458501523,High,1
2025-08-02,Everport,8,110.74670296498917,High,1
2025-08-02,China Shipping,8,110.40687627697206,High,1
2025-08-02,Yang Ming,8,109.31357401333592,High,1
2025-08-02,TraPac,8,107.89350698895777,High,1
2025-08-02,APM Terminals,8,110.5547458501523,High,1
2025-08-03,Everport,8,110.98709760692309,High,1
2025-08-03,China Shipping,8,110.64727091890597,High,1
2025-08-03,Yang Ming,8,109.52759223825231,High,1
2025-08-03,TraPac,8,108.05702837697106,High,1
2025-08-03,APM Terminals,8,110.79514049208622,High,1
2025-08-04,Everport,8,108.23087168682713,High,1
2025-08-04,China Shipping,8,107.89104499881002,High,1
2025-08-04,Yang Ming,8,106.79774273517388,High,1
2025-08-04,TraPac,8,105.37767571079573,High,1
2025-08-04,APM Terminals,8,108.15659486819705,High,1
2025-08-05,Everport,8,108.03267474040679,High,1
2025-08-05,China Shipping,8,107.69284805238968,High,1
2025-08-05,Yang Ming,8,106.59954578875355,High,1
2025-08-05,TraPac,8,105.17947876437539,High,1
2025-08-05,APM Terminals,8,107.95839792177671,High,1
2025-08-06,Everport,8,108.03267474040679,High,1
2025-08-06,China Shipping,8,107.69284805238968,High,1
2025-08-06,Yang Ming,8,106.59954578875355,High,1
2025-08-06,TraPac,8,105.17947876437539,High,1
2025-08-06,APM Terminals,8,107.95839792177671,High,1
2025-08-07,Everport,8,108.03267474040679,High,1
2025-08-07,China Shipping,8,107.69284805238968,High,1
2025-08-07,Yang Ming,8,106.59954578875355,High,1
2025-08-07,TraPac,8,105.17947876437539,High,1
2025-08-07,APM Terminals,8,107.85682914946172,High,1
2025-08-08,Everport,8,108.03267474040679,High,1
2025-08-08,China Shipping,8,107.69284805238968,High,1
2025-08-08,Yang Ming,8,106.59954578875355,High,1
2025-08-08,TraPac,8,105.17947876437539,High,1
2025-08-08,APM Terminals,8,107.85682914946172,High,1
2025-08-09,Everport,8,108.04878626429858,High,1
2025-08-09,China Shipping,8,107.70895957628147,High,1
2025-08-09,Yang Ming,8,106.61565731264534,High,1
2025-08-09,TraPac,8,105.19559028826718,High,1
2025-08-09,APM Terminals,8,107.85682914946172,High,1
2025-08-10,Everport,8,108.2891809062325,High,1
2025-08-10,China Shipping,8,107.94935421821539,High,1
2025-08-10,Yang Ming,8,106.82967553756173,High,1
2025-08-10,TraPac,8,105.35911167628048,High,1
2025-08-10,APM Terminals,8,108.09722379139563,High,1
2025-08-11,Everport,8,107.50304114338293,High,1
2025-08-11,China Shipping,8,107.16321445536582,High,1
2025-08-11,Yang Ming,8,106.06991219172968,High,1
2025-08-11,TraPac,8,104.64984516735153,High,1
2025-08-11,APM Terminals,8,107.42876432475285,High,1
2025-08-12,Everport,8,107.30484419696259,High,1
2025-08-12,China Shipping,8,106.96501750894548,High,1
2025-08-12,Yang Ming,8,105.87171524530935,High,1
2025-08-12,TraPac,8,104.45164822093119,High,1
2025-08-12,APM Terminals,8,107.23056737833251,High,1
2025-08-13,Everport,8,107.30484419696259,High,1
2025-08-13,China Shipping,8,106.96501750894548,High,1
2025-08-13,Yang Ming,8,105.87171524530935,High,1
2025-08-13,TraPac,8,104.45164822093119,High,1
2025-08-13,APM Terminals,8,107.23056737833251,High,1
2025-08-14,Everport,8,107.30484419696259,High,1
2025-08-14,China Shipping,8,106.96501750894548,High,1
2025-08-14,Yang Ming,8,105.87171524530935,High,1
2025-08-14,TraPac,8,104.45164822093119,High,1
2025-08-14,APM Terminals,8,107.12899860601752,High,1
2025-08-15,Everport,8,107.30484419696259,High,1
2025-08-15,China Shipping,8,106.96501750894548,High,1
2025-08-15,Yang Ming,8,105.87171524530935,High,1
2025-08-15,TraPac,8,104.45164822093119,High,1
2025-08-15,APM Terminals,8,107.12899860601752,High,1
2025-08-16,Everport,8,107.32095572085439,High,1
2025-08-16,China Shipping,8,106.98112903283727,High,1
2025-08-16,Yang Ming,8,105.88782676920114,High,1
2025-08-16,TraPac,8,104.46775974482298,High,1
2025-08-16,APM Terminals,8,107.12899860601752,High,1
2025-08-17,Everport,8,107.5613503627883,High,1
2025-08-17,China Shipping,8,107.22152367477119,High,1
2025-08-17,Yang Ming,8,106.10184499411753,High,1
2025-08-17,TraPac,8,104.63128113283628,High,1
2025-08-17,APM Terminals,8,107.36939324795144,High,1
2025-08-18,Everport,8,107.50304114338293,High,1
2025-08-18,China Shipping,8,107.16321445536582,High,1
2025-08-18,Yang Ming,8,106.06991219172968,High,1
2025-08-18,TraPac,8,104.64984516735153,High,1
2025-08-18,APM Terminals,8,107.42876432475285,High,1
2025-08-19,Everport,8,107.30484419696259,High,1
2025-08-19,China Shipping,8,106.96501750894548,High,1
2025-08-19,Yang Ming,8,105.87171524530935,High,1
2025-08-19,TraPac,8,104.45164822093119,High,1
2025-08-19,APM Terminals,8,107.23056737833251,High,1
2025-08-20,Everport,8,107.30484419696259,High,1
2025-08-20,China Shipping,8,106.96501750894548,High,1
2025-08-20,Yang Ming,8,105.87171524530935,High,1
2025-08-20,TraPac,8,104.45164822093119,High,1
2025-08-20,APM Terminals,8,107.23056737833251,High,1
2025-08-21,Everport,8,107.30484419696259,High,1
2025-08-21,China Shipping,8,106.96501750894548,High,1
2025-08-21,Yang Ming,8,105.87171524530935,High,1
2025-08-21,TraPac,8,104.45164822093119,High,1
2025-08-21,APM Terminals,8,107.12899860601752,High,1
2025-08-22,Everport,8,107.30484419696259,High,1
2025-08-22,China Shipping,8,106.96501750894548,High,1
2025-08-22,Yang Ming,8,105.87171524530935,High,1
2025-08-22,TraPac,8,104.45164822093119,High,1
2025-08-22,APM Terminals,8,107.12899860601752,High,1
2025-08-23,Everport,8,107.32095572085439,High,1
2025-08-23,China Shipping,8,106.98112903283727,High,1
2025-08-23,Yang Ming,8,105.88782676920114,High,1
2025-08-23,TraPac,8,104.46775974482298,High,1
2025-08-23,APM Terminals,8,107.12899860601752,High,1
2025-08-24,Everport,8,107.5613503627883,High,1
2025-08-24,China Shipping,8,107.22152367477119,High,1
2025-08-24,Yang Ming,8,106.10184499411753,High,1
2025-08-24,TraPac,8,104.63128113283628,High,1
2025-08-24,APM Terminals,8,107.36939324795144,High,1
2025-08-25,Everport,8,104.75332284723987,High,1
2025-08-25,China Shipping,8,104.41349615922276,High,1
2025-08-25,Yang Ming,8,103.32019389558663,High,1
2025-08-25,TraPac,8,101.90012687120847,High,1
2025-08-25,APM Terminals,8,104.67904602860979,High,1
2025-08-26,Everport,8,104.55512590081953,High,1
2025-08-26,China Shipping,8,104.21529921280242,High,1
2025-08-26,Yang Ming,8,103.12199694916629,High,1
2025-08-26,TraPac,8,101.70192992478813,High,1
2025-08-26,APM Terminals,8,104.48084908218945,High,1
2025-08-27,Everport,8,104.55512590081953,High,1
2025-08-27,China Shipping,8,104.21529921280242,High,1
2025-08-27,Yang Ming,8,103.12199694916629,High,1
2025-08-27,TraPac,8,101.70192992478813,High,1
2025-08-27,APM Terminals,8,104.48084908218945,High,1
2025-08-28,Everport,8,104.55512590081953,High,1
2025-08-28,China Shipping,8,104.21529921280242,High,1
2025-08-28,Yang Ming,8,103.12199694916629,High,1
2025-08-28,TraPac,8,101.70192992478813,High,1
2025-08-28,APM Terminals,8,104.37928030987446,High,1
2025-08-29,Everport,8,104.55512590081953,High,1
2025-08-29,China Shipping,8,104.21529921280242,High,1
2025-08-29,Yang Ming,8,103.12199694916629,High,1
2025-08-29,TraPac,8,101.70192992478813,High,1
2025-08-29,APM Terminals,8,104.37928030987446,High,1
2025-08-30,Everport,8,104.57123742471133,High,1
2025-08-30,China Shipping,8,104.23141073669422,High,1
2025-08-30,Yang Ming,8,103.13810847305808,High,1
2025-08-30,TraPac,8,101.71804144867993,High,1
2025-08-30,APM Terminals,8,104.37928030987446,High,1
2025-08-31,Everport,8,104.81163206664525,High,1
2025-08-31,China Shipping,8,104.47180537862813,High,1
2025-08-31,Yang Ming,8,103.35212669797447,High,1
2025-08-31,TraPac,8,101.88156283669322,High,1
2025-08-31,APM Terminals,8,104.61967495180838,High,1
2025-09-01,Everport,9,104.75332284723987,High,1
2025-09-01,China Shipping,9,104.41349615922276,High,1
2025-09-01,Yang Ming,9,103.32019389558663,High,1
2025-09-01,TraPac,9,101.90012687120847,High,1
2025-09-01,APM Terminals,9,104.67904602860979,High,1
2025-09-02,Everport,9,104.55512590081953,High,1
2025-09-02,China Shipping,9,104.21529921280242,High,1
2025-09-02,Yang Ming,9,103.12199694916629,High,1
2025-09-02,TraPac,9,101.70192992478813,High,1
2025-09-02,APM Terminals,9,104.48084908218945,High,1
2025-09-03,Everport,9,104.55512590081953,High,1
2025-09-03,China Shipping,9,104.21529921280242,High,1
2025-09-03,Yang Ming,9,103.12199694916629,High,1
2025-09-03,TraPac,9,101.70192992478813,High,1
2025-09-03,APM Terminals,9,104.48084908218945,High,1
2025-09-04,Everport,9,104.55512590081953,High,1
2025-09-04,China Shipping,9,104.21529921280242,High,1
2025-09-04,Yang Ming,9,103.12199694916629,High,1
2025-09-04,TraPac,9,101.70192992478813,High,1
2025-09-04,APM Terminals,9,104.37928030987446,High,1
2025-09-05,Everport,9,104.55512590081953,High,1
2025-09-05,China Shipping,9,104.21529921280242,High,1
2025-09-05,Yang Ming,9,103.12199694916629,High,1
2025-09-05,TraPac,9,101.70192992478813,High,1
2025-09-05,APM Terminals,9,104.37928030987446,High,1
2025-09-06,Everport,9,104.57123742471133,High,1
2025-09-06,China Shipping,9,104.23141073669422,High,1
2025-09-06,Yang Ming,9,103.13810847305808,High,1
2025-09-06,TraPac,9,101.71804144867993,High,1
2025-09-06,APM Terminals,9,104.37928030987446,High,1
2025-09-07,Everport,9,104.81163206664525,High,1
2025-09-07,China Shipping,9,104.47180537862813,High,1
2025-09-07,Yang Ming,9,103.35212669797447,High,1
2025-09-07,TraPac,9,101.88156283669322,High,1
2025-09-07,APM Terminals,9,104.61967495180838,High,1
2025-09-08,Everport,9,104.75332284723987,High,1
2025-09-08,China Shipping,9,104.41349615922276,High,1
2025-09-08,Yang Ming,9,103.32019389558663,High,1
2025-09-08,TraPac,9,101.90012687120847,High,1
2025-09-08,APM Terminals,9,104.67904602860979,High,1
2025-09-09,Everport,9,104.55512590081953,High,1
2025-09-09,China Shipping,9,104.21529921280242,High,1
2025-09-09,Yang Ming,9,103.12199694916629,High,1
2025-09-09,TraPac,9,101.70192992478813,High,1
2025-09-09,APM Terminals,9,104.48084908218945,High,1
2025-09-10,Everport,9,104.55512590081953,High,1
2025-09-10,China Shipping,9,104.21529921280242,High,1
2025-09-10,Yang Ming,9,103.12199694916629,High,1
2025-09-10,TraPac,9,101.70192992478813,High,1
2025-09-10,APM Terminals,9,104.48084908218945,High,1
2025-09-11,Everport,9,104.55512590081953,High,1
2025-09-11,China Shipping,9,104.21529921280242,High,1
2025-09-11,Yang Ming,9,103.12199694916629,High,1
2025-09-11,TraPac,9,101.70192992478813,High,1
2025-09-11,APM Terminals,9,104.37928030987446,High,1
2025-09-12,Everport,9,104.55512590081953,High,1
2025-09-12,China Shipping,9,104.21529921280242,High,1
2025-09-12,Yang Ming,9,103.12199694916629,High,1
2025-09-12,TraPac,9,101.70192992478813,High,1
2025-09-12,APM Terminals,9,104.37928030987446,High,1
2025-09-13,Everport,9,104.57123742471133,High,1
2025-09-13,China Shipping,9,104.23141073669422,High,1
2025-09-13,Yang Ming,9,103.13810847305808,High,1
2025-09-13,TraPac,9,101.71804144867993,High,1
2025-09-13,APM Terminals,9,104.37928030987446,High,1
2025-09-14,Everport,9,104.81163206664525,High,1
2025-09-14,China Shipping,9,104.47180537862813,High,1
2025-09-14,Yang Ming,9,103.35212669797447,High,1
2025-09-14,TraPac,9,101.88156283669322,High,1
2025-09-14,APM Terminals,9,104.61967495180838,High,1
2025-09-15,Everport,9,104.75332284723987,High,1
2025-09-15,China Shipping,9,104.41349615922276,High,1
2025-09-15,Yang Ming,9,103.32019389558663,High,1
2025-09-15,TraPac,9,101.90012687120847,High,1
2025-09-15,APM Terminals,9,104.67904602860979,High,1
2025-09-16,Everport,9,104.55512590081953,High,1
2025-09-16,China Shipping,9,104.21529921280242,High,1
2025-09-16,Yang Ming,9,103.12199694916629,High,1
2025-09-16,TraPac,9,101.70192992478813,High,1
2025-09-16,APM Terminals,9,104.48084908218945,High,1
2025-09-17,Everport,9,104.55512590081953,High,1
2025-09-17,China Shipping,9,104.21529921280242,High,1
2025-09-17,Yang Ming,9,103.12199694916629,High,1
2025-09-17,TraPac,9,101.70192992478813,High,1
2025-09-17,APM Terminals,9,104.48084908218945,High,1
2025-09-18,Everport,9,104.55512590081953,High,1
2025-09-18,China Shipping,9,104.21529921280242,High,1
2025-09-18,Yang Ming,9,103.12199694916629,High,1
2025-09-18,TraPac,9,101.70192992478813,High,1
2025-09-18,APM Terminals,9,104.37928030987446,High,1
2025-09-19,Everport,9,104.55512590081953,High,1
2025-09-19,China Shipping,9,104.21529921280242,High,1
2025-09-19,Yang Ming,9,103.12199694916629,High,1
2025-09-19,TraPac,9,101.70192992478813,High,1
2025-09-19,APM Terminals,9,104.37928030987446,High,1
2025-09-20,Everport,9,104.57123742471133,High,1
2025-09-20,China Shipping,9,104.23141073669422,High,1
2025-09-20,Yang Ming,9,103.13810847305808,High,1
2025-09-20,TraPac,9,101.71804144867993,High,1
2025-09-20,APM Terminals,9,104.37928030987446,High,1
2025-09-21,Everport,9,104.81163206664525,High,1
2025-09-21,China Shipping,9,104.47180537862813,High,1
2025-09-21,Yang Ming,9,103.35212669797447,High,1
2025-09-21,TraPac,9,101.88156283669322,High,1
2025-09-21,APM Terminals,9,104.61967495180838,High,1
2025-09-22,Everport,9,104.75332284723987,High,1
2025-09-22,China Shipping,9,104.41349615922276,High,1
2025-09-22,Yang Ming,9,103.32019389558663,High,1
2025-09-22,TraPac,9,101.90012687120847,High,1
2025-09-22,APM Terminals,9,104.67904602860979,High,1
2025-09-23,Everport,9,104.55512590081953,High,1
2025-09-23,China Shipping,9,104.21529921280242,High,1
2025-09-23,Yang Ming,9,103.12199694916629,High,1
2025-09-23,TraPac,9,101.70192992478813,High,1
2025-09-23,APM Terminals,9,104.48084908218945,High,1
2025-09-24,Everport,9,104.55512590081953,High,1
2025-09-24,China Shipping,9,104.21529921280242,High,1
2025-09-24,Yang Ming,9,103.12199694916629,High,1
2025-09-24,TraPac,9,101.70192992478813,High,1
2025-09-24,APM Terminals,9,104.48084908218945,High,1
2025-09-25,Everport,9,104.55512590081953,High,1
2025-09-25,China Shipping,9,104.21529921280242,High,1
2025-09-25,Yang Ming,9,103.12199694916629,High,1
2025-09-25,TraPac,9,101.70192992478813,High,1
2025-09-25,APM Terminals,9,104.37928030987446,High,1
2025-09-26,Everport,9,104.55512590081953,High,1
2025-09-26,China Shipping,9,104.21529921280242,High,1
2025-09-26,Yang Ming,9,103.12199694916629,High,1
2025-09-26,TraPac,9,101.70192992478813,High,1
2025-09-26,APM Terminals,9,104.37928030987446,High,1
2025-09-27,Everport,9,104.57123742471133,High,1
2025-09-27,China Shipping,9,104.23141073669422,High,1
2025-09-27,Yang Ming,9,103.13810847305808,High,1
2025-09-27,TraPac,9,101.71804144867993,High,1
2025-09-27,APM Terminals,9,104.37928030987446,High,1
2025-09-28,Everport,9,104.81163206664525,High,1
2025-09-28,China Shipping,9,104.47180537862813,High,1
2025-09-28,Yang Ming,9,103.35212669797447,High,1
2025-09-28,TraPac,9,101.88156283669322,High,1
2025-09-28,APM Terminals,9,104.61967495180838,High,1
2025-09-29,Everport,9,104.75332284723987,High,1
2025-09-29,China Shipping,9,104.41349615922276,High,1
2025-09-29,Yang Ming,9,103.32019389558663,High,1
2025-09-29,TraPac,9,101.90012687120847,High,1
2025-09-29,APM Terminals,9,104.67904602860979,High,1
2025-09-30,Everport,9,104.55512590081953,High,1
2025-09-30,China Shipping,9,104.21529921280242,High,1
2025-09-30,Yang Ming,9,103.12199694916629,High,1
2025-09-30,TraPac,9,101.70192992478813,High,1
2025-09-30,APM Terminals,9,104.48084908218945,High,1
2025-10-01,Everport,10,104.55512590081953,High,1
2025-10-01,China Shipping,10,104.21529921280242,High,1
2025-10-01,Yang Ming,10,103.12199694916629,High,1
2025-10-01,TraPac,10,101.70192992478813,High,1
2025-10-01,APM Terminals,10,104.48084908218945,High,1
2025-10-02,Everport,10,104.55512590081953,High,1
2025-10-02,China Shipping,10,104.21529921280242,High,1
2025-10-02,Yang Ming,10,103.12199694916629,High,1
2025-10-02,TraPac,10,101.70192992478813,High,1
2025-10-02,APM Terminals,10,104.37928030987446,High,1
2025-10-03,Everport,10,104.55512590081953,High,1
2025-10-03,China Shipping,10,104.21529921280242,High,1
2025-10-03,Yang Ming,10,103.12199694916629,High,1
2025-10-03,TraPac,10,101.70192992478813,High,1
2025-10-03,APM Terminals,10,104.37928030987446,High,1
2025-10-04,Everport,10,104.57123742471133,High,1
2025-10-04,China Shipping,10,104.23141073669422,High,1
2025-10-04,Yang Ming,10,103.13810847305808,High,1
2025-10-04,TraPac,10,101.71804144867993,High,1
2025-10-04,APM Terminals,10,104.37928030987446,High,1
2025-10-05,Everport,10,104.81163206664525,High,1
2025-10-05,China Shipping,10,104.47180537862813,High,1
2025-10-05,Yang Ming,10,103.35212669797447,High,1
2025-10-05,TraPac,10,101.88156283669322,High,1
2025-10-05,APM Terminals,10,104.61967495180838,High,1
2025-10-06,Everport,10,104.75332284723987,High,1
2025-10-06,China Shipping,10,104.41349615922276,High,1
2025-10-06,Yang Ming,10,103.32019389558663,High,1
2025-10-06,TraPac,10,101.90012687120847,High,1
2025-10-06,APM Terminals,10,104.67904602860979,High,1
2025-10-07,Everport,10,104.55512590081953,High,1
2025-10-07,China Shipping,10,104.21529921280242,High,1
2025-10-07,Yang Ming,10,103.12199694916629,High,1
2025-10-07,TraPac,10,101.70192992478813,High,1
2025-10-07,APM Terminals,10,104.48084908218945,High,1
2025-10-08,Everport,10,104.55512590081953,High,1
2025-10-08,China Shipping,10,104.21529921280242,High,1
2025-10-08,Yang Ming,10,103.12199694916629,High,1
2025-10-08,TraPac,10,101.70192992478813,High,1
2025-10-08,APM Terminals,10,104.48084908218945,High,1
2025-10-09,Everport,10,104.55512590081953,High,1
2025-10-09,China Shipping,10,104.21529921280242,High,1
2025-10-09,Yang Ming,10,103.12199694916629,High,1
2025-10-09,TraPac,10,101.70192992478813,High,1
2025-10-09,APM Terminals,10,104.37928030987446,High,1
2025-10-10,Everport,10,104.55512590081953,High,1
2025-10-10,China Shipping,10,104.21529921280242,High,1
2025-10-10,Yang Ming,10,103.12199694916629,High,1
2025-10-10,TraPac,10,101.70192992478813,High,1
2025-10-10,APM Terminals,10,104.37928030987446,High,1
2025-10-11,Everport,10,104.57123742471133,High,1
2025-10-11,China Shipping,10,104.23141073669422,High,1
2025-10-11,Yang Ming,10,103.13810847305808,High,1
2025-10-11,TraPac,10,101.71804144867993,High,1
2025-10-11,APM Terminals,10,104.37928030987446,High,1
2025-10-12,Everport,10,104.81163206664525,High,1
2025-10-12,China Shipping,10,104.47180537862813,High,1
2025-10-12,Yang Ming,10,103.35212669797447,High,1
2025-10-12,TraPac,10,101.88156283669322,High,1
2025-10-12,APM Terminals,10,104.61967495180838,High,1
2025-10-13,Everport,10,104.75332284723987,High,1
2025-10-13,China Shipping,10,104.41349615922276,High,1
2025-10-13,Yang Ming,10,103.32019389558663,High,1
2025-10-13,TraPac,10,101.90012687120847,High,1
2025-10-13,APM Terminals,10,104.67904602860979,High,1
2025-10-14,Everport,10,104.55512590081953,High,1
2025-10-14,China Shipping,10,104.21529921280242,High,1
2025-10-14,Yang Ming,10,103.12199694916629,High,1
2025-10-14,TraPac,10,101.70192992478813,High,1
2025-10-14,APM Terminals,10,104.48084908218945,High,1
2025-10-15,Everport,10,104.55512590081953,High,1
2025-10-15,China Shipping,10,104.21529921280242,High,1
2025-10-15,Yang Ming,10,103.12199694916629,High,1
2025-10-15,TraPac,10,101.70192992478813,High,1
2025-10-15,APM Terminals,10,104.48084908218945,High,1
2025-10-16,Everport,10,104.55512590081953,High,1
2025-10-16,China Shipping,10,104.21529921280242,High,1
2025-10-16,Yang Ming,10,103.12199694916629,High,1
2025-10-16,TraPac,10,101.70192992478813,High,1
2025-10-16,APM Terminals,10,104.37928030987446,High,1
2025-10-17,Everport,10,104.55512590081953,High,1
2025-10-17,China Shipping,10,104.21529921280242,High,1
2025-10-17,Yang Ming,10,103.12199694916629,High,1
2025-10-17,TraPac,10,101.70192992478813,High,1
2025-10-17,APM Terminals,10,104.37928030987446,High,1
2025-10-18,Everport,10,104.57123742471133,High,1
2025-10-18,China Shipping,10,104.23141073669422,High,1
2025-10-18,Yang Ming,10,103.13810847305808,High,1
2025-10-18,TraPac,10,101.71804144867993,High,1
2025-10-18,APM Terminals,10,104.37928030987446,High,1
2025-10-19,Everport,10,104.81163206664525,High,1
2025-10-19,China Shipping,10,104.47180537862813,High,1
2025-10-19,Yang Ming,10,103.35212669797447,High,1
2025-10-19,TraPac,10,101.88156283669322,High,1
2025-10-19,APM Terminals,10,104.61967495180838,High,1
2025-10-20,Everport,10,104.75332284723987,High,1
2025-10-20,China Shipping,10,104.41349615922276,High,1
2025-10-20,Yang Ming,10,103.32019389558663,High,1
2025-10-20,TraPac,10,101.90012687120847,High,1
2025-10-20,APM Terminals,10,104.67904602860979,High,1
2025-10-21,Everport,10,104.55512590081953,High,1
2025-10-21,China Shipping,10,104.21529921280242,High,1
2025-10-21,Yang Ming,10,103.12199694916629,High,1
2025-10-21,TraPac,10,101.70192992478813,High,1
2025-10-21,APM Terminals,10,104.48084908218945,High,1
2025-10-22,Everport,10,104.55512590081953,High,1
2025-10-22,China Shipping,10,104.21529921280242,High,1
2025-10-22,Yang Ming,10,103.12199694916629,High,1
2025-10-22,TraPac,10,101.70192992478813,High,1
2025-10-22,APM Terminals,10,104.48084908218945,High,1
2025-10-23,Everport,10,104.55512590081953,High,1
2025-10-23,China Shipping,10,104.21529921280242,High,1
2025-10-23,Yang Ming,10,103.12199694916629,High,1
2025-10-23,TraPac,10,101.70192992478813,High,1
2025-10-23,APM Terminals,10,104.37928030987446,High,1
2025-10-24,Everport,10,104.55512590081953,High,1
2025-10-24,China Shipping,10,104.21529921280242,High,1
2025-10-24,Yang Ming,10,103.12199694916629,High,1
2025-10-24,TraPac,10,101.70192992478813,High,1
2025-10-24,APM Terminals,10,104.37928030987446,High,1
2025-10-25,Everport,10,104.57123742471133,High,1
2025-10-25,China Shipping,10,104.23141073669422,High,1
2025-10-25,Yang Ming,10,103.13810847305808,High,1
2025-10-25,TraPac,10,101.71804144867993,High,1
2025-10-25,APM Terminals,10,104.37928030987446,High,1
2025-10-26,Everport,10,104.81163206664525,High,1
2025-10-26,China Shipping,10,104.47180537862813,High,1
2025-10-26,Yang Ming,10,103.35212669797447,High,1
2025-10-26,TraPac,10,101.88156283669322,High,1
2025-10-26,APM Terminals,10,104.61967495180838,High,1
2025-10-27,Everport,10,104.75332284723987,High,1
2025-10-27,China Shipping,10,104.41349615922276,High,1
2025-10-27,Yang Ming,10,103.32019389558663,High,1
2025-10-27,TraPac,10,101.90012687120847,High,1
2025-10-27,APM Terminals,10,104.67904602860979,High,1
2025-10-28,Everport,10,104.55512590081953,High,1
2025-10-28,China Shipping,10,104.21529921280242,High,1
2025-10-28,Yang Ming,10,103.12199694916629,High,1
2025-10-28,TraPac,10,101.70192992478813,High,1
2025-10-28,APM Terminals,10,104.48084908218945,High,1
2025-10-29,Everport,10,104.55512590081953,High,1
2025-10-29,China Shipping,10,104.21529921280242,High,1
2025-10-29,Yang Ming,10,103.12199694916629,High,1
2025-10-29,TraPac,10,101.70192992478813,High,1
2025-10-29,APM Terminals,10,104.48084908218945,High,1
2025-10-30,Everport,10,104.55512590081953,High,1
2025-10-30,China Shipping,10,104.21529921280242,High,1
2025-10-30,Yang Ming,10,103.12199694916629,High,1
2025-10-30,TraPac,10,101.70192992478813,High,1
2025-10-30,APM Terminals,10,104.37928030987446,High,1
2025-10-31,Everport,10,104.55512590081953,High,1
2025-10-31,China Shipping,10,104.21529921280242,High,1
2025-10-31,Yang Ming,10,103.12199694916629,High,1
2025-10-31,TraPac,10,101.70192992478813,High,1
2025-10-31,APM Terminals,10,104.37928030987446,High,1
2025-11-01,Everport,11,94.97851475220519,Moderate,0
2025-11-01,China Shipping,11,93.25679614751756,Moderate,0
2025-11-01,Yang Ming,11,91.25358912601362,Moderate,0
2025-11-01,TraPac,11,89.50002982167875,Moderate,0
2025-11-01,APM Terminals,11,97.27166192072863,Moderate,0
2025-11-02,Everport,11,95.2189093941391,Moderate,0
2025-11-02,China Shipping,11,93.49719078945148,Moderate,0
2025-11-02,Yang Ming,11,91.46760735093001,Moderate,0
2025-11-02,TraPac,11,89.66355120969205,Moderate,0
2025-11-02,APM Terminals,11,97.51205656266255,Moderate,0
2025-11-03,Everport,11,95.16060017473373,Moderate,0
2025-11-03,China Shipping,11,93.4388815700461,Moderate,0
2025-11-03,Yang Ming,11,91.43567454854217,Moderate,0
2025-11-03,TraPac,11,89.6821152442073,Moderate,0
2025-11-03,APM Terminals,11,97.57142763946396,Moderate,0
2025-11-04,Everport,11,94.96240322831339,Moderate,0
2025-11-04,China Shipping,11,93.24068462362577,Moderate,0
2025-11-04,Yang Ming,11,91.23747760212183,Moderate,0
2025-11-04,TraPac,11,89.48391829778696,Moderate,0
2025-11-04,APM Terminals,11,97.37323069304362,Moderate,0
2025-11-05,Everport,11,94.96240322831339,Moderate,0
2025-11-05,China Shipping,11,93.24068462362577,Moderate,0
2025-11-05,Yang Ming,11,91.23747760212183,Moderate,0
2025-11-05,TraPac,11,89.48391829778696,Moderate,0
2025-11-05,APM Terminals,11,97.37323069304362,Moderate,0
2025-11-06,Everport,11,94.96240322831339,Moderate,0
2025-11-06,China Shipping,11,93.24068462362577,Moderate,0
2025-11-06,Yang Ming,11,91.23747760212183,Moderate,0
2025-11-06,TraPac,11,89.48391829778696,Moderate,0
2025-11-06,APM Terminals,11,97.27166192072863,Moderate,0
2025-11-07,Everport,11,94.96240322831339,Moderate,0
2025-11-07,China Shipping,11,93.24068462362577,Moderate,0
2025-11-07,Yang Ming,11,91.23747760212183,Moderate,0
2025-11-07,TraPac,11,89.48391829778696,Moderate,0
2025-11-07,APM Terminals,11,97.27166192072863,Moderate,0
2025-11-08,Everport,11,94.97851475220519,Moderate,0
2025-11-08,China Shipping,11,93.25679614751756,Moderate,0
2025-11-08,Yang Ming,11,91.25358912601362,Moderate,0
2025-11-08,TraPac,11,89.50002982167875,Moderate,0
2025-11-08,APM Terminals,11,97.27166192072863,Moderate,0
2025-11-09,Everport,11,95.2189093941391,Moderate,0
2025-11-09,China Shipping,11,93.49719078945148,Moderate,0
2025-11-09,Yang Ming,11,91.46760735093001,Moderate,0
2025-11-09,TraPac,11,89.66355120969205,Moderate,0
2025-11-09,APM Terminals,11,97.51205656266255,Moderate,0
2025-11-10,Everport,11,95.17947959884286,Moderate,0
2025-11-10,China Shipping,11,93.45776099415524,Moderate,0
2025-11-10,Yang Ming,11,91.4545539726513,Moderate,0
2025-11-10,TraPac,11,89.89674897339685,Moderate,0
2025-11-10,APM Terminals,11,97.59030706357309,Moderate,0
2025-11-11,Everport,11,94.98128265242252,Moderate,0
2025-11-11,China Shipping,11,93.2595640477349,Moderate,0
2025-11-11,Yang Ming,11,91.25635702623096,Moderate,0
2025-11-11,TraPac,11,89.69855202697651,Moderate,0
2025-11-11,APM Terminals,11,97.39211011715275,Moderate,0
2025-11-12,Everport,11,94.98128265242252,Moderate,0
2025-11-12,China Shipping,11,93.2595640477349,Moderate,0
2025-11-12,Yang Ming,11,91.25635702623096,Moderate,0
2025-11-12,TraPac,11,89.69855202697651,Moderate,0
2025-11-12,APM Terminals,11,97.39211011715275,Moderate,0
2025-11-13,Everport,11,94.98128265242252,Moderate,0
2025-11-13,China Shipping,11,93.2595640477349,Moderate,0
2025-11-13,Yang Ming,11,91.25635702623096,Moderate,0
2025-11-13,TraPac,11,89.69855202697651,Moderate,0
2025-11-13,APM Terminals,11,97.29054134483776,Moderate,0
2025-11-14,Everport,11,94.98128265242252,Moderate,0
2025-11-14,China Shipping,11,93.2595640477349,Moderate,0
2025-11-14,Yang Ming,11,91.25635702623096,Moderate,0
2025-11-14,TraPac,11,89.69855202697651,Moderate,0
2025-11-14,APM Terminals,11,97.29054134483776,Moderate,0
2025-11-15,Everport,11,94.99739417631432,Moderate,0
2025-11-15,China Shipping,11,93.27567557162669,Moderate,0
2025-11-15,Yang Ming,11,91.27246855012275,Moderate,0
2025-11-15,TraPac,11,89.71466355086831,Moderate,0
2025-11-15,APM Terminals,11,97.29054134483776,Moderate,0
2025-11-16,Everport,11,95.23778881824823,Moderate,0
2025-11-16,China Shipping,11,93.51607021356061,Moderate,0
2025-11-16,Yang Ming,11,91.48648677503914,Moderate,0
2025-11-16,TraPac,11,89.8781849388816,Moderate,0
2025-11-16,APM Terminals,11,97.53093598677168,Moderate,0
2025-11-17,Everport,11,95.17947959884286,Moderate,0
2025-11-17,China Shipping,11,93.45776099415524,Moderate,0
2025-11-17,Yang Ming,11,91.4545539726513,Moderate,0
2025-11-17,TraPac,11,89.89674897339685,Moderate,0
2025-11-17,APM Terminals,11,97.59030706357309,Moderate,0
2025-11-18,Everport,11,94.98128265242252,Moderate,0
2025-11-18,China Shipping,11,93.2595640477349,Moderate,0
2025-11-18,Yang Ming,11,91.25635702623096,Moderate,0
2025-11-18,TraPac,11,89.69855202697651,Moderate,0
2025-11-18,APM Terminals,11,97.39211011715275,Moderate,0
2025-11-19,Everport,11,94.98128265242252,Moderate,0
2025-11-19,China Shipping,11,93.2595640477349,Moderate,0
2025-11-19,Yang Ming,11,91.25635702623096,Moderate,0
2025-11-19,TraPac,11,89.69855202697651,Moderate,0
2025-11-19,APM Terminals,11,97.39211011715275,Moderate,0
2025-11-20,Everport,11,94.98128265242252,Moderate,0
2025-11-20,China Shipping,11,93.2595640477349,Moderate,0
2025-11-20,Yang Ming,11,91.25635702623096,Moderate,0
2025-11-20,TraPac,11,89.69855202697651,Moderate,0
2025-11-20,APM Terminals,11,97.29054134483776,Moderate,0
2025-11-21,Everport,11,94.98128265242252,Moderate,0
2025-11-21,China Shipping,11,93.2595640477349,Moderate,0
2025-11-21,Yang Ming,11,91.25635702623096,Moderate,0
2025-11-21,TraPac,11,89.69855202697651,Moderate,0
2025-11-21,APM Terminals,11,97.29054134483776,Moderate,0
2025-11-22,Everport,11,94.99739417631432,Moderate,0
2025-11-22,China Shipping,11,93.27567557162669,Moderate,0
2025-11-22,Yang Ming,11,91.27246855012275,Moderate,0
2025-11-22,TraPac,11,89.71466355086831,Moderate,0
2025-11-22,APM Terminals,11,97.29054134483776,Moderate,0
2025-11-23,Everport,11,95.23778881824823,Moderate,0
2025-11-23,China Shipping,11,93.51607021356061,Moderate,0
2025-11-23,Yang Ming,11,91.48648677503914,Moderate,0
2025-11-23,TraPac,11,89.8781849388816,Moderate,0
2025-11-23,APM Terminals,11,97.53093598677168,Moderate,0
2025-11-24,Everport,11,95.17947959884286,Moderate,0
2025-11-24,China Shipping,11,93.45776099415524,Moderate,0
2025-11-24,Yang Ming,11,91.4545539726513,Moderate,0
2025-11-24,TraPac,11,89.89674897339685,Moderate,0
2025-11-24,APM Terminals,11,97.59030706357309,Moderate,0
2025-11-25,Everport,11,94.98128265242252,Moderate,0
2025-11-25,China Shipping,11,93.2595640477349,Moderate,0
2025-11-25,Yang Ming,11,91.25635702623096,Moderate,0
2025-11-25,TraPac,11,89.69855202697651,Moderate,0
2025-11-25,APM Terminals,11,97.39211011715275,Moderate,0
2025-11-26,Everport,11,94.98128265242252,Moderate,0
2025-11-26,China Shipping,11,93.2595640477349,Moderate,0
2025-11-26,Yang Ming,11,91.25635702623096,Moderate,0
2025-11-26,TraPac,11,89.69855202697651,Moderate,0
2025-11-26,APM Terminals,11,97.39211011715275,Moderate,0
2025-11-27,Everport,11,94.98128265242252,Moderate,0
2025-11-27,China Shipping,11,93.2595640477349,Moderate,0
2025-11-27,Yang Ming,11,91.25635702623096,Moderate,0
2025-11-27,TraPac,11,89.69855202697651,Moderate,0
2025-11-27,APM Terminals,11,97.29054134483776,Moderate,0
2025-11-28,Everport,11,94.98128265242252,Moderate,0
2025-11-28,China Shipping,11,93.2595640477349,Moderate,0
2025-11-28,Yang Ming,11,91.25635702623096,Moderate,0
2025-11-28,TraPac,11,89.69855202697651,Moderate,0
2025-11-28,APM Terminals,11,97.29054134483776,Moderate,0
2025-11-29,Everport,11,94.99739417631432,Moderate,0
2025-11-29,China Shipping,11,93.27567557162669,Moderate,0
2025-11-29,Yang Ming,11,91.27246855012275,Moderate,0
2025-11-29,TraPac,11,89.71466355086831,Moderate,0
2025-11-29,APM Terminals,11,97.29054134483776,Moderate,0
2025-11-30,Everport,11,95.23778881824823,Moderate,0
2025-11-30,China Shipping,11,93.51607021356061,Moderate,0
2025-11-30,Yang Ming,11,91.48648677503914,Moderate,0
2025-11-30,TraPac,11,89.8781849388816,Moderate,0
2025-11-30,APM Terminals,11,97.53093598677168,Moderate,0
2025-12-01,Everport,12,95.17947959884286,Moderate,0
2025-12-01,China Shipping,12,93.45776099415524,Moderate,0
2025-12-01,Yang Ming,12,91.4545539726513,Moderate,0
2025-12-01,TraPac,12,89.89674897339685,Moderate,0
2025-12-01,APM Terminals,12,97.59030706357309,Moderate,0
2025-12-02,Everport,12,94.98128265242252,Moderate,0
2025-12-02,China Shipping,12,93.2595640477349,Moderate,0
2025-12-02,Yang Ming,12,91.25635702623096,Moderate,0
2025-12-02,TraPac,12,89.69855202697651,Moderate,0
2025-12-02,APM Terminals,12,97.39211011715275,Moderate,0
2025-12-03,Everport,12,94.98128265242252,Moderate,0
2025-12-03,China Shipping,12,93.2595640477349,Moderate,0
2025-12-03,Yang Ming,12,91.25635702623096,Moderate,0
2025-12-03,TraPac,12,89.69855202697651,Moderate,0
2025-12-03,APM Terminals,12,97.39211011715275,Moderate,0
2025-12-04,Everport,12,94.98128265242252,Moderate,0
2025-12-04,China Shipping,12,93.2595640477349,Moderate,0
2025-12-04,Yang Ming,12,91.25635702623096,Moderate,0
2025-12-04,TraPac,12,89.69855202697651,Moderate,0
2025-12-04,APM Terminals,12,97.29054134483776,Moderate,0
2025-12-05,Everport,12,94.98128265242252,Moderate,0
2025-12-05,China Shipping,12,93.2595640477349,Moderate,0
2025-12-05,Yang Ming,12,91.25635702623096,Moderate,0
2025-12-05,TraPac,12,89.69855202697651,Moderate,0
2025-12-05,APM Terminals,12,97.29054134483776,Moderate,0
2025-12-06,Everport,12,94.99739417631432,Moderate,0
2025-12-06,China Shipping,12,93.27567557162669,Moderate,0
2025-12-06,Yang Ming,12,91.27246855012275,Moderate,0
2025-12-06,TraPac,12,89.71466355086831,Moderate,0
2025-12-06,APM Terminals,12,97.29054134483776,Moderate,0
2025-12-07,Everport,12,95.23778881824823,Moderate,0
2025-12-07,China Shipping,12,93.51607021356061,Moderate,0
2025-12-07,Yang Ming,12,91.48648677503914,Moderate,0
2025-12-07,TraPac,12,89.8781849388816,Moderate,0
2025-12-07,APM Terminals,12,97.53093598677168,Moderate,0
2025-12-08,Everport,12,95.17947959884286,Moderate,0
2025-12-08,China Shipping,12,93.45776099415524,Moderate,0
2025-12-08,Yang Ming,12,91.4545539726513,Moderate,0
2025-12-08,TraPac,12,89.89674897339685,Moderate,0
2025-12-08,APM Terminals,12,97.59030706357309,Moderate,0
2025-12-09,Everport,12,94.98128265242252,Moderate,0
2025-12-09,China Shipping,12,93.2595640477349,Moderate,0
2025-12-09,Yang Ming,12,91.25635702623096,Moderate,0
2025-12-09,TraPac,12,89.69855202697651,Moderate,0
2025-12-09,APM Terminals,12,97.39211011715275,Moderate,0
2025-12-10,Everport,12,94.98128265242252,Moderate,0
2025-12-10,China Shipping,12,93.2595640477349,Moderate,0
2025-12-10,Yang Ming,12,91.25635702623096,Moderate,0
2025-12-10,TraPac,12,89.69855202697651,Moderate,0
2025-12-10,APM Terminals,12,97.39211011715275,Moderate,0
2025-12-11,Everport,12,94.98128265242252,Moderate,0
2025-12-11,China Shipping,12,93.2595640477349,Moderate,0
2025-12-11,Yang Ming,12,91.25635702623096,Moderate,0
2025-12-11,TraPac,12,89.69855202697651,Moderate,0
2025-12-11,APM Terminals,12,97.29054134483776,Moderate,0
2025-12-12,Everport,12,94.98128265242252,Moderate,0
2025-12-12,China Shipping,12,93.2595640477349,Moderate,0
2025-12-12,Yang Ming,12,91.25635702623096,Moderate,0
2025-12-12,TraPac,12,89.69855202697651,Moderate,0
2025-12-12,APM Terminals,12,97.29054134483776,Moderate,0
2025-12-13,Everport,12,94.99739417631432,Moderate,0
2025-12-13,China Shipping,12,93.27567557162669,Moderate,0
2025-12-13,Yang Ming,12,91.27246855012275,Moderate,0
2025-12-13,TraPac,12,89.71466355086831,Moderate,0
2025-12-13,APM Terminals,12,97.29054134483776,Moderate,0
2025-12-14,Everport,12,95.23778881824823,Moderate,0
2025-12-14,China Shipping,12,93.51607021356061,Moderate,0
2025-12-14,Yang Ming,12,91.48648677503914,Moderate,0
2025-12-14,TraPac,12,89.8781849388816,Moderate,0
2025-12-14,APM Terminals,12,97.53093598677168,Moderate,0
2025-12-15,Everport,12,95.14842883161242,Moderate,0
2025-12-15,China Shipping,12,93.4267102269248,Moderate,0
2025-12-15,Yang Ming,12,91.42350320542086,Moderate,0
2025-12-15,TraPac,12,89.86569820616641,Moderate,0
2025-12-15,APM Terminals,12,97.55925629634265,Moderate,0
2025-12-16,Everport,12,94.95023188519208,Moderate,0
2025-12-16,China Shipping,12,93.22851328050446,Moderate,0
2025-12-16,Yang Ming,12,91.22530625900052,Moderate,0
2025-12-16,TraPac,12,89.66750125974607,Moderate,0
2025-12-16,APM Terminals,12,97.36105934992231,Moderate,0
2025-12-17,Everport,12,94.95023188519208,Moderate,0
2025-12-17,China Shipping,12,93.22851328050446,Moderate,0
2025-12-17,Yang Ming,12,91.22530625900052,Moderate,0
2025-12-17,TraPac,12,89.66750125974607,Moderate,0
2025-12-17,APM Terminals,12,97.36105934992231,Moderate,0
2025-12-18,Everport,12,94.95023188519208,Moderate,0
2025-12-18,China Shipping,12,93.22851328050446,Moderate,0
2025-12-18,Yang Ming,12,91.22530625900052,Moderate,0
2025-12-18,TraPac,12,89.66750125974607,Moderate,0
2025-12-18,APM Terminals,12,97.25949057760732,Moderate,0
2025-12-19,Everport,12,94.95023188519208,Moderate,0
2025-12-19,China Shipping,12,93.22851328050446,Moderate,0
2025-12-19,Yang Ming,12,91.22530625900052,Moderate,0
2025-12-19,TraPac,12,89.66750125974607,Moderate,0
2025-12-19,APM Terminals,12,97.25949057760732,Moderate,0
2025-12-20,Everport,12,94.96634340908388,Moderate,0
2025-12-20,China Shipping,12,93.24462480439625,Moderate,0
2025-12-20,Yang Ming,12,91.24141778289231,Moderate,0
2025-12-20,TraPac,12,89.68361278363787,Moderate,0
2025-12-20,APM Terminals,12,97.25949057760732,Moderate,0
2025-12-21,Everport,12,95.2067380510178,Moderate,0
2025-12-21,China Shipping,12,93.48501944633017,Moderate,0
2025-12-21,Yang Ming,12,91.4554360078087,Moderate,0
2025-12-21,TraPac,12,89.84713417165116,Moderate,0
2025-12-21,APM Terminals,12,97.49988521954124,Moderate,0
2025-12-22,Everport,12,95.01354814706153,Moderate,0
2025-12-22,China Shipping,12,93.2918295423739,Moderate,0
2025-12-22,Yang Ming,12,91.28862252086996,Moderate,0
2025-12-22,TraPac,12,89.73081752161552,Moderate,0
2025-12-22,APM Terminals,12,97.42437561179176,Moderate,0
2025-12-23,Everport,12,94.95023188519208,Moderate,0
2025-12-23,China Shipping,12,93.22851328050446,Moderate,0
2025-12-23,Yang Ming,12,91.22530625900052,Moderate,0
2025-12-23,TraPac,12,89.66750125974607,Moderate,0
2025-12-23,APM Terminals,12,97.36105934992231,Moderate,0
2025-12-24,Everport,12,94.95023188519208,Moderate,0
2025-12-24,China Shipping,12,93.22851328050446,Moderate,0
2025-12-24,Yang Ming,12,91.22530625900052,Moderate,0
2025-12-24,TraPac,12,89.66750125974607,Moderate,0
2025-12-24,APM Terminals,12,97.36105934992231,Moderate,0
2025-12-25,Everport,12,94.95023188519208,Moderate,0
2025-12-25,China Shipping,12,93.22851328050446,Moderate,0
2025-12-25,Yang Ming,12,91.22530625900052,Moderate,0
2025-12-25,TraPac,12,89.66750125974607,Moderate,0
2025-12-25,APM Terminals,12,97.25949057760732,Moderate,0
2025-12-26,Everport,12,94.95023188519208,Moderate,0
2025-12-26,China Shipping,12,93.22851328050446,Moderate,0
2025-12-26,Yang Ming,12,91.22530625900052,Moderate,0
2025-12-26,TraPac,12,89.66750125974607,Moderate,0
2025-12-26,APM Terminals,12,97.25949057760732,Moderate,0
2025-12-27,Everport,12,94.96634340908388,Moderate,0
2025-12-27,China Shipping,12,93.24462480439625,Moderate,0
2025-12-27,Yang Ming,12,91.24141778289231,Moderate,0
2025-12-27,TraPac,12,89.68361278363787,Moderate,0
2025-12-27,APM Terminals,12,97.25949057760732,Moderate,0
2025-12-28,Everport,12,95.2067380510178,Moderate,0
2025-12-28,China Shipping,12,93.48501944633017,Moderate,0
2025-12-28,Yang Ming,12,91.4554360078087,Moderate,0
2025-12-28,TraPac,12,89.84713417165116,Moderate,0
2025-12-28,APM Terminals,12,97.49988521954124,Moderate,0
2025-12-29,Everport,12,95.12371916449916,Moderate,0
2025-12-29,China Shipping,12,93.4615603118561,Moderate,0
2025-12-29,Yang Ming,12,91.3987935383076,Moderate,0
2025-12-29,TraPac,12,89.64523423397273,Moderate,0
2025-12-29,APM Terminals,12,97.36844947001264,Moderate,0
2025-12-30,Everport,12,94.92552221807883,Moderate,0
2025-12-30,China Shipping,12,93.26336336543577,Moderate,0
2025-12-30,Yang Ming,12,91.20059659188726,Moderate,0
2025-12-30,TraPac,12,89.44703728755239,Moderate,0
2025-12-30,APM Terminals,12,97.1702525235923,Moderate,0
2025-12-31,Everport,12,94.92552221807883,Moderate,0
2025-12-31,China Shipping,12,93.26336336543577,Moderate,0
2025-12-31,Yang Ming,12,91.20059659188726,Moderate,0
2025-12-31,TraPac,12,89.44703728755239,Moderate,0
2025-12-31,APM Terminals,12,97.1702525235923,Moderate,0
