mmsi,vessel_name,vessel_type,lat,lon,speed_knots,in_anchorage,is_delayed,snapshot_time,date,month,day_of_week,week_of_year,year,vessel_type_safe,terminal,origin_port,teu_load,utilization_rate,dwell_time_days,is_crisis_period,rolling_avg_turnaround,is_peak_season,is_weekend,vessel_type_enc,terminal_enc,origin_enc,predicted_turnaround,congestion_level
566970000,EVER LEGION         ,Feeder Container,33.72629,-118.25976,0.0,False,False,2026-10-03T17:54:17.851884+00:00,2026-10-03,10,5,40,2026,Feeder Container,TraPac,Hong Kong,2250.0,0.9,2.0,0,95.0,1,1,0,3,1,101.1,High
368266520,HERO                ,Feeder Container,33.77011,-118.21391,0.4,False,False,2026-10-03T17:54:17.851884+00:00,2026-10-03,10,5,40,2026,Feeder Container,Yang Ming,Manila,2250.0,0.9,2.0,0,95.0,1,1,0,4,3,101.1,High
367308610,SARAH C.            ,Feeder Container,33.75325,-118.22376,0.0,False,False,2026-10-03T17:54:17.851884+00:00,2026-10-03,10,5,40,2026,Feeder Container,Yang Ming,Tokyo,2250.0,0.9,2.0,0,95.0,1,1,0,4,9,101.0,High
367689990,HARBOR KING         ,Feeder Container,33.71598,-118.23771,8.5,True,False,2026-10-03T17:54:17.851884+00:00,2026-10-03,10,5,40,2026,Feeder Container,Yang Ming,Ningbo,2250.0,0.9,2.0,0,95.0,1,1,0,4,4,101.2,High
367113620,SPIRIT ,Feeder Container,33.76046,-118.1921,0.0,False,False,2026-10-03T17:54:17.851884+00:00,2026-10-03,10,5,40,2026,Feeder Container,Everport,Shenzhen,2250.0,0.9,2.0,0,95.0,1,1,0,2,6,101.1,High
367192970,CAT EXPRESS         ,Feeder Container,33.74833,-118.27406,0.0,False,False,2026-10-03T17:54:17.851884+00:00,2026-10-03,10,5,40,2026,Feeder Container,TraPac,Busan,2250.0,0.9,2.0,0,95.0,1,1,0,3,0,100.6,High
368171260,MADELINE B HAMILTON ,Feeder Container,33.74211,-118.1986,5.3,False,False,2026-10-03T17:54:17.851884+00:00,2026-10-03,10,5,40,2026,Feeder Container,Everport,Hong Kong,2250.0,0.9,2.0,0,95.0,1,1,0,2,1,101.1,High
636092814,COYHAIQUE           ,Feeder Container,33.72974,-118.25619,0.0,False,False,2026-10-03T17:54:17.851884+00:00,2026-10-03,10,5,40,2026,Feeder Container,TraPac,Shenzhen,2250.0,0.9,2.0,0,95.0,1,1,0,3,6,101.1,High
366760650,LEADER,Feeder Container,33.74638,-118.21035,1.9,False,False,2026-10-03T17:54:17.851884+00:00,2026-10-03,10,5,40,2026,Feeder Container,Yang Ming,Ningbo,2250.0,0.9,2.0,0,95.0,1,1,0,4,4,101.2,High
366760710,REDONDO             ,Feeder Container,33.74264,-118.16141,0.1,False,False,2026-10-03T17:54:17.851884+00:00,2026-10-03,10,5,40,2026,Feeder Container,Everport,Singapore,2250.0,0.9,2.0,0,95.0,1,1,0,2,7,101.1,High
366943960,CATALINA EXPRESS    ,Feeder Container,33.76251,-118.19909,0.1,False,False,2026-10-03T17:54:17.851884+00:00,2026-10-03,10,5,40,2026,Feeder Container,Everport,Singapore,2250.0,0.9,2.0,0,95.0,1,1,0,2,7,101.1,High
538006313,SEAWAYS CAPE HENRY,Feeder Container,33.7561,-118.21805,0.1,False,False,2026-10-03T17:54:17.851884+00:00,2026-10-03,10,5,40,2026,Feeder Container,Yang Ming,Ningbo,2250.0,0.9,2.0,0,95.0,1,1,0,4,4,101.2,High
338899000,COMMITMENT          ,Feeder Container,33.7193,-118.22689,0.2,True,True,2026-10-03T17:54:17.851884+00:00,2026-10-03,10,5,40,2026,Feeder Container,Yang Ming,Tokyo,2250.0,0.9,2.0,0,95.0,1,1,0,4,9,101.0,High
249346000,NAVARINO            ,Feeder Container,33.75152,-118.27368,0.0,False,False,2026-10-03T17:54:17.851884+00:00,2026-10-03,10,5,40,2026,Feeder Container,TraPac,Busan,2250.0,0.9,2.0,0,95.0,1,1,0,3,0,100.6,High
368133450,DARRELL HIATT       ,Feeder Container,33.7308,-118.26217,0.0,False,False,2026-10-03T17:54:17.851884+00:00,2026-10-03,10,5,40,2026,Feeder Container,TraPac,Shenzhen,2250.0,0.9,2.0,0,95.0,1,1,0,3,6,101.1,High
565661000,MAERSK ANTARES      ,Feeder Container,33.73065,-118.25291,0.0,False,False,2026-10-03T17:54:17.851884+00:00,2026-10-03,10,5,40,2026,Feeder Container,TraPac,Taipei,2250.0,0.9,2.0,0,95.0,1,1,0,3,8,101.0,High
212539000,ANYA                ,Feeder Container,33.73409,-118.14132,0.1,False,False,2026-10-03T17:54:17.851884+00:00,2026-10-03,10,5,40,2026,Feeder Container,China Shipping,Manila,2250.0,0.9,2.0,0,95.0,1,1,0,1,3,101.1,High
367422010,VALKYRIE ,Feeder Container,33.73415,-118.27354,0.0,False,False,2026-10-03T17:54:17.851884+00:00,2026-10-03,10,5,40,2026,Feeder Container,TraPac,Manila,2250.0,0.9,2.0,0,95.0,1,1,0,3,3,101.1,High
368165030,V.A. SAN PEDRO      ,Feeder Container,33.72342,-118.28051,0.0,False,False,2026-10-03T17:54:17.851884+00:00,2026-10-03,10,5,40,2026,Feeder Container,APM Terminals,Jakarta,2250.0,0.9,2.0,0,95.0,1,1,0,0,2,101.1,High
367133910,FIREBOAT 4          ,Feeder Container,33.76543,-118.25531,0.0,False,False,2026-10-03T17:54:17.851884+00:00,2026-10-03,10,5,40,2026,Feeder Container,TraPac,Tokyo,2250.0,0.9,2.0,0,95.0,1,1,0,3,9,101.0,High
367748970,BECKY T             ,Feeder Container,33.74369,-118.1988,0.0,False,False,2026-10-03T17:54:17.851884+00:00,2026-10-03,10,5,40,2026,Feeder Container,Everport,Tokyo,2250.0,0.9,2.0,0,95.0,1,1,0,2,9,101.0,High
368088820,MORTY               ,Feeder Container,33.74334,-118.19888,0.0,False,False,2026-10-03T17:54:17.851884+00:00,2026-10-03,10,5,40,2026,Feeder Container,Everport,Taipei,2250.0,0.9,2.0,0,95.0,1,1,0,2,8,101.0,High
244810443,EEMSLIFT DAFNE,Large Container,33.71327,-118.16679,0.1,False,False,2026-10-03T17:54:17.851884+00:00,2026-10-03,10,5,40,2026,Large Container,Everport,Busan,10800.0,0.9,2.0,0,95.0,1,1,1,2,0,100.8,High
636026707,ONE HANNOVER        ,Feeder Container,33.76407,-118.2722,0.0,False,False,2026-10-03T17:54:17.851884+00:00,2026-10-03,10,5,40,2026,Feeder Container,TraPac,Ningbo,2250.0,0.9,2.0,0,95.0,1,1,0,3,4,101.2,High
367691660,BIBI                ,Feeder Container,33.74884,-118.1141,0.0,False,False,2026-10-03T17:54:17.851884+00:00,2026-10-03,10,5,40,2026,Feeder Container,China Shipping,Shanghai,2250.0,0.9,2.0,0,95.0,1,1,0,1,5,101.1,High
311001167,BRILLIANT LADY,Feeder Container,33.74755,-118.27582,0.0,False,False,2026-10-03T17:54:17.851884+00:00,2026-10-03,10,5,40,2026,Feeder Container,TraPac,Hong Kong,2250.0,0.9,2.0,0,95.0,1,1,0,3,1,101.1,High
636021471,MSC VICTORIA        ,Feeder Container,33.75432,-118.23194,0.0,False,False,2026-10-03T17:54:17.851884+00:00,2026-10-03,10,5,40,2026,Feeder Container,Yang Ming,Busan,2250.0,0.9,2.0,0,95.0,1,1,0,4,0,100.6,High
366904000,VISION,Ultra Large Container,33.77043,-118.22481,0.0,False,False,2026-10-03T17:54:17.851884+00:00,2026-10-03,10,5,40,2026,Ultra Large Container,Yang Ming,Jakarta,16200.0,0.9,2.0,0,95.0,1,1,4,4,2,101.1,High
366892000,JAMIE ANN           ,Feeder Container,33.77081,-118.21222,0.0,False,False,2026-10-03T17:54:17.851884+00:00,2026-10-03,10,5,40,2026,Feeder Container,Yang Ming,Ningbo,2250.0,0.9,2.0,0,95.0,1,1,0,4,4,101.2,High
310812000,DISCOVERY PRINCESS,Feeder Container,33.74589,-118.27524,0.0,False,False,2026-10-03T17:54:17.851884+00:00,2026-10-03,10,5,40,2026,Feeder Container,TraPac,Manila,2250.0,0.9,2.0,0,95.0,1,1,0,3,3,101.1,High
367006790,VICKI ANN           ,Feeder Container,33.73284,-118.23146,1.4,False,False,2026-10-03T17:54:17.851884+00:00,2026-10-03,10,5,40,2026,Feeder Container,Yang Ming,Shenzhen,2250.0,0.9,2.0,0,95.0,1,1,0,4,6,101.1,High
538004032,SEAWAYS PECOS,Feeder Container,33.68326,-118.12223,0.0,False,False,2026-10-03T17:54:17.851884+00:00,2026-10-03,10,5,40,2026,Feeder Container,China Shipping,Ningbo,2250.0,0.9,2.0,0,95.0,1,1,0,1,4,101.2,High
367366670,VULCAN              ,Feeder Container,33.72453,-118.21959,0.3,False,False,2026-10-03T17:54:17.851884+00:00,2026-10-03,10,5,40,2026,Feeder Container,Yang Ming,Busan,2250.0,0.9,2.0,0,95.0,1,1,0,4,0,100.6,High
366926740,TIM QUIGG,Feeder Container,33.76373,-118.25673,0.2,False,False,2026-10-03T17:54:17.851884+00:00,2026-10-03,10,5,40,2026,Feeder Container,TraPac,Busan,2250.0,0.9,2.0,0,95.0,1,1,0,3,0,100.6,High
367616090,SEA FORCE           ,Feeder Container,33.77002,-118.2125,0.0,False,False,2026-10-03T17:54:17.851884+00:00,2026-10-03,10,5,40,2026,Feeder Container,Yang Ming,Hong Kong,2250.0,0.9,2.0,0,95.0,1,1,0,4,1,101.1,High
367513170,LASSEN              ,Feeder Container,33.74316,-118.19892,0.0,False,False,2026-10-03T17:54:17.851884+00:00,2026-10-03,10,5,40,2026,Feeder Container,Everport,Shenzhen,2250.0,0.9,2.0,0,95.0,1,1,0,2,6,101.1,High
367353080,EMPIRE STATE,Ultra Large Container,33.73354,-118.15137,0.1,False,False,2026-10-03T17:54:17.851884+00:00,2026-10-03,10,5,40,2026,Ultra Large Container,China Shipping,Taipei,16200.0,0.9,2.0,0,95.0,1,1,4,1,8,101.0,High
367550000,SHANNON             ,Feeder Container,33.74548,-118.22484,0.0,False,False,2026-10-03T17:54:17.851884+00:00,2026-10-03,10,5,40,2026,Feeder Container,Yang Ming,Tokyo,2250.0,0.9,2.0,0,95.0,1,1,0,4,9,101.0,High
563239900,EVER MILD           ,Feeder Container,33.74573,-118.27203,0.0,False,False,2026-10-03T17:54:17.851884+00:00,2026-10-03,10,5,40,2026,Feeder Container,TraPac,Ningbo,2250.0,0.9,2.0,0,95.0,1,1,0,3,4,101.2,High
368351350,MARMAC 304          ,Feeder Container,33.74586,-118.22419,0.0,False,False,2026-10-03T17:54:17.851884+00:00,2026-10-03,10,5,40,2026,Feeder Container,Yang Ming,Tokyo,2250.0,0.9,2.0,0,95.0,1,1,0,4,9,101.0,High
367044560,PILOT BOAT BANNING  ,Feeder Container,33.76278,-118.26562,0.0,False,False,2026-10-03T17:54:17.851884+00:00,2026-10-03,10,5,40,2026,Feeder Container,TraPac,Shenzhen,2250.0,0.9,2.0,0,95.0,1,1,0,3,6,101.1,High
368012340,APACHE              ,Feeder Container,33.75588,-118.21718,5.7,False,False,2026-10-03T17:54:17.851884+00:00,2026-10-03,10,5,40,2026,Feeder Container,Yang Ming,Tokyo,2250.0,0.9,2.0,0,95.0,1,1,0,4,9,101.0,High
367732430,DENISE FOSS         ,Feeder Container,33.73392,-118.24853,0.0,False,False,2026-10-03T17:54:17.851884+00:00,2026-10-03,10,5,40,2026,Feeder Container,TraPac,Hong Kong,2250.0,0.9,2.0,0,95.0,1,1,0,3,1,101.1,High
367672140,MAURETANIA          ,Feeder Container,33.70955,-118.2493,8.3,True,False,2026-10-03T17:54:17.851884+00:00,2026-10-03,10,5,40,2026,Feeder Container,TraPac,Manila,2250.0,0.9,2.0,0,95.0,1,1,0,3,3,101.1,High
538070708,CIELO MARE          ,Feeder Container,33.72413,-118.27972,0.0,False,False,2026-10-03T17:54:17.851884+00:00,2026-10-03,10,5,40,2026,Feeder Container,TraPac,Singapore,2250.0,0.9,2.0,0,95.0,1,1,0,3,7,101.1,High
366998840,MILLENIUM MAVERICK  ,Feeder Container,33.76393,-118.25682,0.2,False,False,2026-10-03T17:54:17.851884+00:00,2026-10-03,10,5,40,2026,Feeder Container,TraPac,Tokyo,2250.0,0.9,2.0,0,95.0,1,1,0,3,9,101.0,High
368159190,LB PILOT POLARIS 3  ,Feeder Container,33.74746,-118.21571,0.0,False,False,2026-10-03T17:54:17.851884+00:00,2026-10-03,10,5,40,2026,Feeder Container,Yang Ming,Taipei,2250.0,0.9,2.0,0,95.0,1,1,0,4,8,101.0,High
369272000,POLAR DISCOVERY     ,Feeder Container,33.72802,-118.20475,0.1,False,False,2026-10-03T17:54:17.851884+00:00,2026-10-03,10,5,40,2026,Feeder Container,Yang Ming,Ningbo,2250.0,0.9,2.0,0,95.0,1,1,0,4,4,101.2,High
